index,prediction
0,"Multiplication, Exponentiation, Subtraction, Square Root - all in one app."
1,"In Insect Evolution you need to eat insects smaller than you to grow up, but at the same time don’t be eaten by larger and stronger creatures."
2,"PostNord Sweden has launched a new app called Postcards, which allows you to send postcards directly from your smartphone or tablet."
3,JPS has launched a new online and mobile service for its customers.
4,The TV6 & FOX UP News app is your way to keep up with local news and weather when you're on the go.
5,Find out what's going on on your campus with our new mobile app.
6,"Super Hero Run is an endless runner game where you have to save the world by running, jumping and collecting power-ups."
7,"Slide Hoops is a new game from the makers of Pull the Pin, Parking Jam, Clash of Blocks and more!"
8,"This is a collection of truck sounds that you can use as a notification sound, a ringtone or as a background music."
9,The rage is back in Smash the Walls 2!
10,Let’s Smile is a seven-level primary English course for young EFL students.
11,"If you’re looking for a new way to manage your money, then you’ve come to the right place."
12,"Offroad Racing is an offroad racing game where you control 10 unique offroad cars to drive in 25 exciting levels in the desert, taiga, jungle and more!"
13,Twice Lyrics is an app that allows you to sing along to the lyrics of Twice songs.
14,Absolute Pets is South Africa's leading online pet retailer.
15,BBC Sport brings you all the latest team and individual results from this year's UK robotics championships.
16,"Emoji Wallpaper for Android is one of the best application that contains the most beautiful emoji, sticker images and the best cute for your beloved phone."
17,"Elite Dangerous is an open-source, free-to-use, community-focused first-person shooter video game."
18,Spaceship Wargame 4 is one of the best spaceship war games offline on Google Play.
19,The FC Red Bull Salzburg app offers exclusive content for fans and stadium visitors.
20,"Story Cutter for Instagram is an awesome tool that allows you to record or select videos of any length and convert them into 10 second segments that can then be uploaded to Instagram, Snapchat, WhatsApp, Twitter or Facebook stories."
21,The XL Flor app for phone as well as tablet offers everything you need for quick and easy stock management.
22,Theme for Oppo A5 2020 is new bautiful and eye catch theme for your mobile and totally free for users....
23,"The most complete collection of RV parks, camp grounds, rest areas, gas stations, and stores updated daily."
24,"If you want to learn sign language but don't have the time or inclination to spend hours on end, then this app is for you."
25,Check-in app from LittleLives makes coming to school fun for students!
26,This calculator will help you to calculate the value added tax (VAT) on your goods and services.
27,"2048 is one of the most popular board games in the world, and now you can play it online too!"
28,Maple Board Game Cafe has launched a new feature called Maple board game stats.
29,This program is not intended for use by children under the age of 12.
30,The classic mobile phone game Snake is back!
31,"The ForChildren app connects you to all the free resources, lessons, and discussions on the forChildren.com websites."
32,Empower is a digital space that encapsulates the complete working and processes of an organisation including SOPs
33,"ITC Box 2 by Spain Paranormal.Three ghost boxes in one, all based on reversed speech."
34,Epicor Proof of Delivery is a next generation delivery management application that helps to improve the accuracy and efficiency of deliveries.
35,This app allows you to quickly access the apps you use frequently via a single window.
36,How much do you know about Jamaica?
37,Choithrams is one of the leading online grocery stores in Dubai.
38,Shree Tal Barahi Mabi is a free app for parents to keep track of their children's school and college life.
39,Am and mаth thо оu wth groups of 3r mоr of the аm tоt burst.
40,"Schools can use this mobile app for internal processes such as staff clock in/out, leave application, payslip distribution, request processing, etc."
41,The National Bank of Hong Kong (NCB) has launched a new mobile application to help you buy a home in Hong Kong.
42,"SpinDeals is a mobile app that operates in Athens and Cyprus and it provides unique offers at cafes, restaurants, shops and services."
43,"This is a new video chat application messenger like other, and also you can enjoy."
44,"A tutoring and homework management app for students, parents and tutors."
45,A tutoring app for students and parents in India.
46,Candy simply-Fi App is a free app that allows you to communicate with your Candy Wi-Fi connected appliances.
47,"Paint Board is an easy-to-use app that allows you to draw, paint and save your work on your phone."
48,This app is designed to help learners of Thai and English to improve their listening and speaking skills on the Listening and Speaking Test (ALC).
49,Have you ever wondered what it would be like to live in an apartment building?
50,A coaching institute in Delhi has launched an online and app-based coaching platform.
51,All you need to do is to download the app and activate it!
52,"Game Name In This App Satta King Post Jodi kalyan, Kalyan Night, Milan Night, Main Ratan, Super Matka, Time Bazar, Tara Mumbai Day, Sridevi,Sridevi Night,Milan Morning,Satta Post Jodi Leak welcomes you all in the leaks and I respect this app, you will get"
53,Have you bought a Gold Card from a local Gold Athletics fundraiser?
54,This app will help the user keep score at a game of Disks.
55,Insomniac is the world's leading producer of dance music festivals.
56,Would you like to buy something on Ali?
57,Arthur is an award-winning property management software designed to save time and money by streamlining each stage of the tenancy journey.
58,"FCM Travel's new app gives you all the tools you need to plan, book, and monitor your travel."
59,"Glitch (Zalgo) Text is an app that allows you to create your own ""corrupted"" text!"
60,"Hey, it's time to go to the moon!"
61,The Royal Yachting Association (RYA) is one of the oldest and largest yacht clubs in the country.
62,"Safe Rentals is the app that allows you to rent any type of vehicle, from a bicycle, automobile to a helicopter."
63,3d fire edges wallpapers is one of the best 3d wallpapers for mobile phones.
64,Gangster Game is a new type of game where you have to guess the names of the gangsters who have been killed by the police.
65,Telldus has released a new version of its Smartline Flow app.
66,Merit is a new way to keep track of all of your professional and personal achievements.
67,"Wire Project is an online shop where people can buy electronic products, home, and car accessories from all the huge stores available in Kuwait."
68,"If you're looking for a fun way to celebrate Halloween this year, then you've come to the right place!"
69,"Our digital thermometer app can measure temperature in Celsius, Fahrenheit, humidity, wind speed and weather status."
70,In this game you will be playing as a ball player who has to control a ball on a platform.
71,"If you're a rollo fan, then you've come to the right place."
72,Fairway is a game where you control a golf ball through a series of challenging levels.
73,"Images courtesy of AFP, EPA, Getty Images and Reuters"
74,The Year 2088 Classic is the first game in a new series of cyberpunk adventure games.
75,"Guide for cafe bazaar is one of the oldest and most well-known Android Market tips in Iran, guide for Bazaar which has gained popularity among Persian and Persian users."
76,SnapMediaApp is an authentic stock video marketplace that offers affordable stock video created from a world-wide army of freelancers.
77,"NFL Live is the best application for NFL fan and Dofu fan:Watch free all game and more of all ongoing games for NFL- The application helps you see the live score, scoreboard, standing, ranking on mobile devices anywhere, anytime."
78,Are you looking for a house to rent?
79,The Learning Genie app is designed to help parents and teachers work together to help children reach their full potential.
80,The Forest River Owner’s Guide is designed to help you get the most out of your Forest River.
81,The SHIFT is a smartphone-enabled e-bike with a built-in camera that allows you to take high-resolution images of your ride and share them with your friends.
82,Rocket Pro is a cloud-based mortgage origination platform that allows you to originate and track all your clients’ home loan needs.
83,Fantasy Hut Escape is a new point and click escape game developed by GamesCampus.
84,Zee English is a mobile application designed to teach spoken English for Malayalam speaking natives with a unique video-based pedagogy.
85,All you need to do is download the BLACK App Super App from the App Store or Google Play.
86,Geepy Mobile is a free mobile phone app for Android and iOS devices.
87,WXOW News 19 is your local source for news that is important to you.
88,"BBC Sport brings you all the best sport from around the world live on TV, online, mobile and social media."
89,"If you're looking for a new job in the hospitality industry, then you've come to the right place."
90,The University of Plymouth Students’ Union (UPSU) is the largest student union in the South West.
91,In Neon World you will have the chance to test your skills against some of the best players in the world!
92,"We have designed an app for SINGH TUTORIALS, an online platform for managing its coaching institutes."
93,The Edinburgh Leisure app is here to help.
94,The Riage-X3 mobile is a world changing interface that allows you to connect wirelessly to your massage chair.
95,"J K White is one of the largest independent car dealerships in the UK, with more than 100 dealerships across the country."
96,Road Draw: Climb Your Own Hills is one of the most addictive and entertaining physics based hill racing games ever made!
97,"Air Attack - War Shooting Game is an arcade shooter game in which you fight the enemies in air, land, and sea."
98,TrainerPlan is a new way for coaches and athletes to work together to achieve their goals.
99,Stay up-to-date on campus events and classes with the Bellevue University app.
100,SwipeSimple is a mobile payment processing app that helps small and medium-sized businesses (SMBs) accept credit card payments on the go.
101,Remote control and alarm system will protect you and your property better.
102,All images are copyrighted.
103,Check your wireless or mobile network internet speed with the IPV6 app.
104,Lyca Mobile is Switzerland's leading mobile telecommunications provider.
105,Search for homes for sale on Kauai and Hawaii Island using Aloha Living.
106,Smart IV is a free companion app that integrates with your GO game seamlessly.
107,"The capybara is back, and this time it's in the form of a game!"
108,"Residents of The Donaldson Group can now use their mobile phone to manage their daily activities, check-in, and check-out."
109,Watch this video to find out how to stop a thief using bleach.
110,FNF Rap Battle Funkin Beat Mod is the best Funkin music game you've ever played!
111,Check out Crowd Forest.io now!
112,Hutchinson has launched an easy tension belt design app.
113,Call Forwarding App is one of the best application to forward your calls to other phone numbers.
114,"If you're looking for a fun way to test your shooting skills, then Gun shot Sounds is the game for you."
115,Wild West Shooter is an action-packed gun battle game in which you take on the role of a gunfighter in the old west.
116,The Squad Match Day App is a one-stop shop for all your football needs.
117,Manheim's new mobile app gives you the power to buy and sell vehicles directly from your smartphone.
118,Clash Gang: Epic Beat Em is one of the best fighting games on the App Store.
119,"iReader is a simple and beautiful book reader, reader that you can use to read books on the go."
120,QIAN DING is a mobile app that allows you to view and control your fashion in real-time.
121,"SCPAnywhere is a free, easy-to-use app that allows you to read and listen to all the stories and events from the world's most popular science fiction and fantasy website."
122,"The Official Franklin, Tennessee App is now available on the App Store and Google Play."
123,Sixth Sense Money is a digital investment platform in Mutual Funds that provides you with artificial intelligence-based financial recommendations and suggests optimum portfolio allocation.
124,FXpesa Trader is a mobile application that allows you to trade the global financial markets via your mobile phone.
125,POEMS Mobile is a mobile trading app that allows you to trade on the go.
126,All SWEAT! clubs now have their own mobile app!
127,Elven is a start-up that has developed a new way for people to wash their cars.
128,Medal TV is the world’s first social gaming app.
129,"XCIPTV is a media player app that allows you to stream TV shows, movies, and other content to your Android phone, tablet, or TV."
130,Android OBD II diagnostics and logging app for BMW and VAG vehicles.
131,This is a free android application developed for the researchers from the discipline of humanities and social science to learn quantitative research methods and statistical analysis.
132,Poqe is a free video chat app for Android and iOS.
133,B107.3 KBBK is proud to present our  radio app.
134,Racemap is a new way to track and watch sports events.
135,Ashab is a voice chat application that allows you to chat with your friends online.
136,Do you want to control your tv decoder with your phone?
137,"JSC-IB ""KS BANK"" (PJSC) - one of Russia's leading banks - has launched a new mobile application for smartphone users."
138,Itel launcher is the best way to get the most out of your smartphone.
139,Seeds for the Soul Daily Devotion is now available on the App Store and Google Play.
140,"Connect up to 100 iRV Audio speakers in Party mode, and broadcast from one speaker to another with ease."
141,"Night Out is a tutoring app for students, parents, and tutors."
142,Bangla Keyboard is one of the best keyboard app in Bengali language.
143,The following is a list of all the libraries in the University of Aberdeen.
144,IB's Mexem Global Trading app allows you to trade the stock markets and your personal account at any time.
145,New and used cars for sale near you with the - Shop New & Used app.
146,"Beware of this monster, it's coming!"
147,EnGenius Cloud To-Go is an app used for managing and monitoring your network devices and connected clients.
148,Suguru is a puzzle game with a twist.
149,"OTO Navi is an app for listening to audio material provided with books published by The Japan Times Publishing, Ltd."
150,This calculator is simple and nicely calculator app designed for Android devices for free.
151,"The YourErie 2Go mobile app brings you all the top stories from our daily broadcasts, as well as stories developing in real time."
152,Ambient sound recorder is an app that allows you to record sound in the background.
153,"Paychex, a leading provider of payroll, human resources (HR) and benefits outsourcing services, has released a new app that allows employees to punch in and out of work while on the go."
154,Raising Cane’s Arcade is now available on the Apple and Google Play stores.
155,"Stellium is a free astrology app for iPhone, iPad and Android that helps you to find out what's going on in your life."
156,Kingfisher Adventure is an arcade game that has a lot of new and exciting challenges.
157,EnterpriseOne is a web-based software platform that allows small and medium-sized businesses (SMBs) to sell their products and services online.
158,Poptropica Island is a free-to-play massively multiplayer online role-playing game for Android and iOS devices.
159,The APS eSELFS mobile app provides APS employees with convenient and secure access to important tools and information.
160,JAGDALEING is an online platform for managing data associated with its tutoring classes in the most efficient and transparent manner.
161,The Gospel Broadcasting Network (GBN) is the world’s largest independent Christian television network.
162,LibraDragon is a mobile game developed and designed independently by our team.
163,"KimAhAra is an online food delivery company based in Pune, India."
164,Kash Hum Juda Na Hote is a romantic novel by Sanober Habib.
165,Industrial Revolution is a business simulation game where you have to run a factory and make money.
166,sublimationprinting.co.uk - your one-stop shop for all your sublimation printing needs.
167,Top Anime HD for Fans Otaku application specially designed for Anime otaky Lovers.
168,Take5 is a new social casino game that allows you to interact with other players in a fun and social way.
169,Call Blocker is the best app to block spam and nuisance calls.
170,Sports Car Photo Edits is the best app to make your photos look amazing.
171,Raft Survival Game is one of the most popular survival game in the world.
172,"Travis Scott has been found dead at his home in Houston, Texas."
173,DEX Screener is an Ethereum-based platform that allows traders and investors to track and analyze real-time data from multiple exchanges and chains.
174,Craps Calculator is a great tool to help you learn the game of Craps.
175,"Whether you're DIYing a shed, building a garden, or just trying out a new power tool, our app has got you covered."
176,Train your soldiers to defend the world from Titan in this epic tower defence game!
177,Srinu's EnglishChamps is an online platform for managing data associated with its tutoring classes in the most efficient and transparent manner.
178,Be Like Bro is one of the most popular cartoon character in the world.
179,The wBox is a complete home automation system that allows you to control all your appliances from anywhere in the World.
180,The Robin Hood Network has launched a new app to help you get around Nottingham.
181,Marathi Natya Sangeet is one of the most popular music channels in India.
182,Use this calculator to find out how many fractions you need to solve to get to the end of the test.
183,All images are copyrighted.
184,"If you're worried about a nuclear attack on your country, you might want to take a look at this app."
185,Eminem 2020 HDNOTE: This is an Unofficial App.
186,"Hide From Daddy: Little Escape is a simple fun game, In this baby escape game you will enjoy the fun of a little ""Funny"" baby."
187,"The Simployer Group offers market leading insight & decision support, education, and HRM software solutions."
188,"V2S Infosystem is a global IT consulting and software services company, our key focus is to transform clients business ideas to reality."
189,"Free Wi-Fi in Japan now available in 170,000 locations!"
190,A Twitter analyzing mobile application for twitter users to explore Twitter accounts and activity.
191,"The Remo+ is a complete home security system that includes a doorbell camera, motion sensors, and an app."
192,Tap Tap Studios is a free-to-play game but in-game items can be purchased with real currency.
193,Spider wallpaper man ultra 4k is an offline wallpaper for mobile App contains a collection picture of spider wallpaper in high quality it will make your phone looks awesome with those HD.
194,Free sms verification service for all countries.
195,Mobile app for palm oil plantation and web app for estate management.
196,ANTTIME is the world's first time-to-earn app that will make your time valuable.
197,Palm Bliss Wellness is a live streaming App that provides viewers the information they need to take a more active role in their health choices and stay on top of latest medical trends and discoveries as well as what’s new in health and wellness.
198,The Baskin-Robbins App is here to help you sweeten every moment.
199,"Computer is a free, full-featured file explorer, designed to support multiple tabs, so you can work with multiple folders at the same time."
200,Do you want to learn new facts about the world?
201,Lotto is one of the leading e-commerce platforms in Saudi Arabia.
202,"""Mio Cut"" is a cutting optimization software designed specifically for Android."
203,Vvs English - Russian and Russian - English Dictionary is a free online dictionary.
204,Rhodaa is a car-sharing platform that provides a seamless and cost-effective solution for individuals in Egypt.
205,Food delivery app for iPhone and Android.
206,"All our cars are equipped with WiFi, a plug for your phone and are just perfect for business or leisure trips."
207,"Dance music is the best way to relax and enjoy your day, and this is the perfect game for you!"
208,"If you want to try piercing but don't know where to start, then ""Piercing Photo"" is the app for you!"
209,UMEOA Zone is one of the leading payment processing companies in the country.
210,Ali is a notification drawer that helps you to manage all the notifications that you receive on your phone.
211,"The WBFYC Screeners app allows authorized Guild members or Warner Bros. users to view, download, or stream 'For Your Consideration'"
212,All images are copyrighted.
213,"BBC Radio 1 and BBC Radio 2 are proud to be part of the BBC Music Awards, which will take place at the O2 Arena in London on 22 May."
214,"‘Hi there’ is an SNS application in which you can share the memory of moments through talk, location, blog and make various friends."
215,Brain Buzzer - Matches Puzzles is a Puzzle Game to Stimulate Your Brain!
216,"Experience a personal tale of exploration, intense battles and exploration yourself in a world of your choice in Spacing Out."
217,"You can easily create, edit and share your own personal notes with the help of this app."
218,All images are copyrighted.
219,The B METERS RFM-RBT App is designed for use with the BMETERS Hydroclima-RFM system.
220,Add Face To Video - Video Status FaceFunny is a fun and wonderful app for users who to be funny person and come famous star!!
221,Looking for a fun way to test your driving skills?
222,Are you a fan of games and want to create a unique and stylish nickname for your player?
223,How much do you know about men and women?
224,"Music Player is the best music player for iPhone, iPad and iPod touch."
225,"Oakridge International School is one of the leading schools in Delhi, India."
226,Monolith is a social media app that allows you to connect with other students in your school.
227,The Waimangu Volcanic Valley is New Zealand’s most spectacular natural beauty.
228,O level past exam questions and marking schemes- O and A level green books- A level blue booksWhat You'll Love About the app - Frequent Updates: New resources are added regularly to help you stay ahead.
229,The RTSports app allows you to manage all of your RTSports teams with one app.
230,"PooPrints, a global leader in dog waste management, has announced the launch of its new app for Apple and Android devices."
231,You can find out more about the clubs in your area by clicking on the links below.
232,All you need to do is tap on the image you want to create and it will take you to the next step.
233,Beach Video Live Wallpaper is a free video live wallpaper for Android devices created from real HD and 4K video.
234,AOW Work Indonesia is your one-stop-service for all kind of job!
235,Find out which DNS server is the fastest for your network or smartphone.
236,"eSchedule is a mobile workforce management solution designed to meet the unique needs of public safety, government and healthcare."
237,The San Diego Wave Ftbol Club are back in the National Women's Soccer League (NWSL) for the second season in a row.
238,The digital revolution is here and Nirvaan Jewels is at the forefront of it.
239,Quick Screen Recorder is one of the best app to record videos from your mobile's screen.
240,"Savelist is a new way to shop, save, and share what you love with your friends and family."
241,Lucky Winner - Earn Money is one of the best earning app which helps you to earn money on daily basis.
242,"If you are about to have a medical procedure, such as an operation to remove a kidney or a heart procedure, you might want to take some time to think about your health."
243,Binnacle is a cloud-based business management system designed for small and medium-sized businesses.
244,Go X is the first electric scooter rental company in the United States.
245,The Benefits Trust has launched a new online application for members of group benefits plans to submit their claims.
246,Ipon : The Money Challenge is an app that helps you save money by setting a goal and then tracking your progress.
247,Do you want to know who is last seen in your family?
248,NG File Manager is one of the best free file manager for mobile phones.
249,Find out more about the latest video games and how to play them.
250,FollowR is one of the leading vehicle tracking solutions provider in India.
251,"In Ninja Peendle, you are the ninja and you have to destroy the white tiles and the black tiles."
252,Mobile sonnerie - ringtones and songs 2021 is a free ringtones app for Android.
253,"Imou Life is a smart home and security app that allows you to control, view, and share your Imou cameras and other smart IoT products from anywhere."
254,"Whether you’re looking for a new kitchen, a new bathroom, or a new bike, we’ve got you covered."
255,Pink Park is a mobile app that allows you to book private parking spots in Dubai.
256,ragdoll vs pro playground is a new game that you have to play with your friends.
257,Find out more about the IMSA WeatherTech SportsCar Championship at IMSA.com
258,"In this week's episode of OutAt TV, Hillcrest Social's editor-in-chief and co-creator of the OutAt app, Leah, answers some of your questions about the app."
259,"If you’re looking for a quick and easy way to order pizza, then the Marco’s app is the app for you."
260,A simple and easy application for compiling your weekly list of groceries.
261,UC-One Connect is a business messaging app that enables users to have business chat conversations and make calls using the native dialer with their business identity.
262,"KEYCO Finder, KEYCO Card and KEYCO Mini are the best-selling personal locators in India."
263,Watch captivating live performances by streamers and interact with them directly in real time with Rivo.
264,All creatures in your pocket.
265,EACPass is a mobile app that allows EAC citizens to obtain a Digital Covid 19 Certificate on the go.
266,The SpySpotGPS app gives you easy access to your Spy Spot GPS Tracker on the go.
267,Do you know the meaning of idioms?
268,"BudgetMan is a budget organizer app where you can set a monthly budget for different categories which will be used to automatically calculate the monthly, weekly, and daily budget for each category."
269,sonic baldi granny horror scary game grandma which is a survival scary basics game.
270,HiHub is a leading online retailer of healthcare products in Armenia.
271,All images are copyrighted.
272,"The Central Bank of the Republic of Azerbaijan has launched AniPay mobile application, which allows users to complete payment transactions within seconds in mode using alternative identifiers or Qr-code technologies."
273,This is an easy-to-use tool that lets you check whether your phone is 'Rooted' or 'Not accurate'.
274,Androsport is the best app to motivate you to do sports daily at home and to define and to rise to your goals!
275,"Razo taxi reach you on time- Book a ride with Razo, Low fare Intracity Bike-Taxis, Autos, Cabs & Drivers appRAZO is a cab booking app, which offers a wide range of motor cycles, auto rickshaws, taxies or cabs, drivers that are convenient to"
276,Oky is a mobile app for girls (age 10+) that helps you to take control of your periods and your lives through a bit of fun!
277,SperoCoin has released a new version of its wallet.
278,Stay up-to-date with the news in Las Vegas.
279,All images are copyrighted.
280,"Net name generator is the best place to find cool net names, here you can find all kinds of net names."
281,"Breaking News US is your one-stop shop for local and national news, delivered lightning-fast."
282,The Rigzone app is your one-stop shop for all your oil and gas needs.
283,The Public Transport Authority of Cyprus (Pame) has launched a new mobile phone app.
284,Cats Jigsaw puzzle game about cute cats!
285,Kuber Agro is a global application uses in the Rice mill material management production.
286,"If you are looking for a date with someone with autism, then you have come to the right place."
287,The Nymet WaterMe Wireless Irrigation Controller allows you to monitor and control your irrigation system from anywhere in the world with the WaterMe app.
288,"Dancehall music radio, here you can listen to all the best dancehall reggae music, on the internet."
289,Kinzoo Studio is a free app that lets you create your own characters and stories and easily turn them into videos you can share.
290,Get Instagram Likes is ready to boost your Social Post for Free!
291,The number provided is only used to register some unimportant website accounts or app accounts
292,"Whether you're a coach, a parent, or a team member, Crossbar has you covered."
293,SR Connect is a simple-to-use mobile application that allows subscribers to manage their home Wi-Fi network.
294,Bamako white lace is one of the most popular styles of lace in the world today.
295,"Flashcard Deck Maker is a free flashcard deck making app that helps you make your own decks, search high-quality flashcard decks made by teachers, and check students' report at the real time."
296,Pixel Ruler is now available on the App Store!
297,"The Momentum Health app for Android provides you with unlimited access to your employer's corporate wellness offering - including biometric screenings, progressive health surveys, coaching, wearable-device integration, and more!"
298,Valentine's Week Status Shayari in Hindi and English Both Languages is here for you.
299,Petly is a new way to find and adopt pets from shelters across the country.
300,"The Cisco eStore Mobile app for Android provides secure access to mobile apps and services for Cisco employees, including corporate email and network access, from anywhere."
301,Poppy Punch is developed and published byAzur Interactive Games.
302,PropEase is a Property Management mobile application that aims to revolutionise the property industry by eliminating the traditional hassles of overseas property purchase and ownership.
303,"Whether you’re looking to prank your friends, enhance your own projects, or simply have hours of entertainment, our meme soundboard has got you covered"
304,Civil Engineering Paper Solutions is an android application that gives solution of different civil engineering paper in India.
305,Happy Birthday Photo frames is a best photo editor app which contains HD photo frames and each frame is unique.
306,Vriddhavastha pension is a social security scheme launched by the government of Tamil Nadu to provide financial security to the elderly people.
307,"Da Fit Band is a pocket-sized fitness tracker that tracks your daily activity, sleep, and calories burned."
308,Red Canoe Credit Union is bringing you Mobile Banking to your Android Device.
309,Kelsey-Seybold Clinic is changing the way health cares.
310,"In Sky Getaway, you are the star of the show as you have to collect coins from the clouds to upgrade your character."
311,"If you’re looking for a new pair of jeans but don’t want to spend a fortune on them, Thrift+ might be the place for you."
312,Chaurasia Saathi matrimony is one of the bestmatrimony sites in India where you can find your soulmate (Jeevansaathi).
313,Do you want to follow the football matches of Super Lig in Turkey?
314,"PicWish is one of the best photo background removal apps for iPhone, iPad and Android."
315,SpeakTheWord Audio is a new way for you to hear the Word of God.
316,The Oregon Department of Fish and Wildlife’s (ODFW) MyODFW app is now available on the Google Play Store.
317,"Voice Recorder is an easy-to-use app that allows you to record, edit and share audio files."
318,MTG Unofficial is a powerful utility app for Magic: The Gathering which includes an offline card search to search for any card in the game without an internet connection.
319,Our app is designed to meet the needs of the motor carrier industry in relation to the reporting and inspection of driver duty status.
320,Zodiac Signs Compatibility is a free application that offers you the ability to check the compatibility in the love that your zodiac sign has every day quickly and easily on your Android device.
321,Delight VPN is the free VPN proxy on the market.
322,Find a Volvo Penta dealer in your area with DealerLocator.
323,Real Shuffle Player is a simple and efficient audio player with unique features such as a real and intelligent shuffle mode.
324,It's never been easier.
325,"Civitatis is the world's largest distributor of English-speaking tourist activities, excursions and guided tours."
326,This is a great game to try if you want to have a bit of fun with the colours of the rainbow.
327,All facilities are available on the Bank's mobile application.
328,Game Description: The Generals is a board game where two players take turns to bluff their way to victory.
329,Remote control your IN home theatre system with this app.
330,"Download Video Call App for iPhone, iPad and iPod touch now."
331,"Football Club Quiz is an app that involves people of all ages, from children to adults, just like football: a timeless sport!"
332,Batman v Superman: Dawn of Justice is one of the most famous video games in the world.
333,"Boxman is a free implementation of the classic box-pushing puzzle game, Sokoban."
334,"Phillips auction house brings a fresh contemporary focus to the defining aesthetic movements of the last two centuries, with a specialized knowledge in what's happening right now."
335,"Epson Cloud Solution for mobile allow you to grasp the state of the printers in the production site on the go, anywhere by connecting secure cloud-based platform."
336,Training by Airbus App provides trainees and instructors in Airbus training centres up-to-date training schedule and practical information.
337,"Whether you want to improve your reading speed for school, work, or personal growth, our app has everything you need to succeed."
338,Crypto Burst is a brain-storming board game where you have to use your big brain moves to swap and match 3 or more cryptos to unleash awesome combos!
339,Saigon Centre and Estella Place have joined forces to bring you the best shopping deals in Singapore.
340,Eleven is the best application for building team squads.
341,Yippi is a social messaging app with a focus on entertainment and security.
342,Nagwa Connect for Students is a real-time interactive application that allows students to engage with their educators for a better learning experience.
343,FaLala stickers collection for WhatsApp.
344,This is the final part of our A-Level Maths e-notes.
345,Zatpark is a leading provider of parking management software and services for the public sector.
346,TMC's The Morning Context app is now available on the Apple and Google Play stores.
347,"The Whare Krero is your hub for Iwi Media, with all the latest kapa haka performances from the regions."
348,"BN Browser Search is world’s most complete, independent private search engine."
349,Rich Rupees Pakistan Earn is one of the best task and earn app in Pakistan.
350,"Control your heating and cooling from anywhere, anytime with our mobile app."
351,Fatih Collak Offline is a free app that gives you the Holy Quran Arabic sound offline.
352,If you want to find out which princess are you then you have come to the right place.
353,"Gaga Hi is a global diversified social APP to meet users can enjoy the fun of internationalized multi-language communication and freely open your heart, record your life truly, share what you have seen and across language barriers, understand the wonderful world, make friends all over the world, let you closely connect with the world"
354,The LogAlto mobile app is designed for use with the Log Alto web app.
355,"Catnap smiling critters chapter 3 game sleep playtime hour is here, you're in a big safe house, it's so big, you can't sleep well, wear that mask and let it come into your dream :)"
356,Ariana Grande's Offline Music App is now available on the App Store.
357,All pictures are copyrighted.
358,KashKick is a free online rewards platform that pays you for taking surveys and completing other tasks.
359,Baby Abbie toddler learning games for 1-5 ages boys and girls.
360,VGoLocal is a mobile and web based solution for small and medium sized businesses.
361,Words Episode is a word puzzle game where you have to escape from a prison by solving word puzzles.
362,Are you looking for an online school management software for your school?
363,Jamaica's most listened to radio station.
364,Download Princess Coloring Book for free on your smart-phone or tablet.
365,Find out more about CLC Church at www.clcspring.org
366,DaiBau PRO is a web-based project management system for the construction industry.
367,The Official Providence Friars Gameday application is your home for Providence Athletics!
368,CenturyProClub SE App is a free app for Android and iOS smartphones and tablets.
369,"DEPTECH application software is based on the wireless playback image transmission assistant application, real-time display device lens capture image:1 camera, video,2 set device parameters"
370,This app allows you to manage a list of apps to open automatically at startup ( you turn on or restart your smartphone).
371,"A Airlines has launched a new mobile app that allows passengers to book, manage, and check-in with their flights."
372,"Doctor At Home is the best android app for quick, safe, and effective treatment of more than 110 diseases naturally."
373,Anima Foundation an Organization working for development of skill and empowerment of rural area of Bengal as well as India.
374,"Clash Guys is now available on Xbox One, PlayStation 4 and PC!"
375,"Welcome to our football predictions page, where you will be able to predict the results of every match of the current season."
376,The National Geographic Society and the California Academy of Sciences invite you to join the iNaturalist community and help scientists better understand and protect nature.
377,"The Middle East and North Africa (MENA) is one of the fastest growing economies in the world, with a population of more than 50 million people."
378,Telugu Live Channels app a free opensource for watching Free Live TV Channels.
379,"Whether you’re looking for a quick bite to eat or a cup of coffee to get you through the day, we’ve got you covered."
380,BavAR[t] is an augmented reality platform dedicated to art and culture.
381,Minnect is a new way to connect with experts and celebrities.
382,Train Jam: Conductor is now available on the App Store and Google Play.
383,APsystems has released an app that helps homeowners save money on their energy bills.
384,Transport for kids is a free game for children to learn the means of transport in English and Spanish.
385,How to use the app:
386,"Onet Poczta is a free, safe, spam-free and fast mailbox with the possibility of sending large attachments - try it today!"
387,The city of Odessa is famous for its cuisine.
388,All pictures are copyrighted.
389,"The Ascend EVV mobile app provides a simple, easy to use interface for capturing important data for home visits that are required in today's healthcare industry for proper government accountability and record keeping."
390,Ready2Wash is the world's largest self-service car wash network.
391,"Velocity VPN Master - Free, Unlimited, Proxy App100% Free Unlimited!"
392,Looking for a place to live in Korea?
393,SendMoneyPacific is a free app that allows you to compare the costs of sending money to your families in the Pacific.
394,The Vivek High School ( EVA) has launched a mobile application for its alumni.
395,This appendix contains a description of the migration law.
396,Fleet Complete is the world's leading provider of fleet management software and services.
397,Bumble is a social media app available for android users.
398,"If you love wine and want to find out more about it, then you've come to the right place."
399,Elite Trainr - Athletes is a free app available on the Apple and Google Play stores.
400,MP4 Cutter is the best app to cut MP4 video on your android phone.
401,All images are copyrighted.
402,Gemgala is a social app designed to provide users with an interactive gaming experience while also allowing them to make new friends.
403,IslahTube - is a Speech Collection of Renowned Islamic Scholars.
404,Gravity Rush is a puzzle game that you have to solve to get to the next level.
405,This APP is not available in North America area.
406,Dots Eater is a game that collects the dots gathered on the surface of square board.
407,Kimetsu no Yaiba Demon Slayer sticker app for Kimetsuno Yaiba fans is the awesome choice that you can do!!
408,"A tutoring app for students, parents, and tutors."
409,"The Oro Valley Church of the Nazarene (OVCN) is a Nazarene church located in Arizona, USA."
410,Bee Bingo is back!
411,"IPTV Chile Pro is a media player that allows end-users to play their content like Live TV, VOD, Series, and Local audio/Video files supplied by them; on their Android Phones, Android TVs, FireSticks, and other android devices."
412,"Electrical Cable Table is a free app for electricians that helps in electrical cable sizing, short circuit study, wire gauge cables, amperage drop calculations and much more."
413,Extend is a modern way for businesses to make and manage payments with their existing corporate cards.
414,Find out what's going on in the world of high school sports.
415,This app is designed to help shop owners in developing countries monitor the prices of their produce.
416,Tarality Wallet is a mobile wallet app that allows users to store and manage their cryptocurrencies.
417,The National Film and Television Institute (IFTI) has developed a smartphone application that allows you to visit all the points of interest of the film at any time of day or night.
418,How to use this paper shredder sound in mobile application?
419,"LEON is a mobile application developed by Leon Software, a leading developer of aviation software."
420,Looking for a way to keep track of your team's scores?
421,All images are copyrighted.
422,Stay up-to-date with your coaching institute activities with coaching institute mobile app.
423,TruTac has launched a new mobile vehicle inspection system for California Department of Motor Vehicles (DMV).
424,"Record, view and control your CCTV cameras from your smartphone, tablet or computer."
425,How to recover deleted sim contact from android phone?
426,Nonograms is a puzzle game where the player has to fill cells in the grid according to the legends at the sides of the grid to reveal the hidden picture.
427,TaskEasy for Contractors is an app created for the landscaping and lawn mowing professionals to grow the business and simplify life of the small local business owners.
428,Experience the sound of a motorcycle engine with our motorcycle engine sound simulator.
429,Oxford Areal is an augmented reality app which brings the power of visual search in your hands via an easy-to-use interface.
430,"CHiP is a smart, affectionate, and trainable robot dog."
431,Mosque Door Lock is an awesome easy to use user friendly lock screen for all Muslim we as a Muslim say our prayers five time a day go to the mosque but most of them do not know mosque entrance prayer and we forget often when we enter the mosque so by remembering this by heart we are going to introduce such a
432,How do you write your name in ancient Egyptian hieroglyphs?
433,"Free islamic wallpapers for Android, free islami wallpapers for android, free Ramadan islam wallpapers, islamis wallpapers for smartphones."
434,Flowers Keyboard is a new type of keyboard which will change the background of your keyboard with a unique design and amazing powerful Colors.
435,The eSchools app is now available on the Google Play Store.
436,"Word Nut is the best free word game for word game fans, word search addicts, crossword and more!"
437,"Emirates Bank (FAB) has launched a new mobile banking app for iPhone, iPad and Android devices."
438,"Singlife has launched Pocket SQS, an online service system that allows Financial Advisers Representatives (IFAs) to generate quick and transparent quotations for their clients."
439,"Home Cross is a brain-training puzzle game that will make you laugh, learn and have a great time!"
440,"A new way to live, work and play in the cities!"
441,Nfield CAPI for Android is the face-to-face interviewing app for NIPOs Nfield data collection platform.
442,Harnois nergies offers a wide range of refuelling points across France.
443,Handy is the world’s first app-based home service booking platform.
444,Property360degree is a leading property management software company.
445,"QNAP has released Qmanagermanager, a free Android app to monitor and manage your QNAP Turbo NAS with your Android mobile device."
446,All videos are copyrighted.
447,"Better Life Kids is a free streaming video app for Kids, with curated Arabic Christian content to teach them biblical values, bible verses, worship songs and more."
448,Match.com is the world's first Astrology-based dating app.
449,Do you want to find the best beer in the world?
450,The Google One app is available on the Google Play Store for Android devices.
451,Xiptv is one of the most popular TV channels in the world.
452,"Sakshi Telugu Mobile App offers News from all corners of Andhra Pradesh,Political news in Telugu from AP, Telangana, India and across the world and from political parties including RCPYS, Jana Sena, TDP, Jana Congress, BJP, TRS, etc"
453,How much do you remember about the countries of the world?
454,Toppers Choice is an online platform for managing its coaching institutes.
455,Find the Words is an addictive word search puzzle game where you need find words from different categories.
456,Re-connect with old classmatesOxford University allows you to both re-connect and expand your professional network.
457,Mexico Flag Live Wallpaper is a free wallpaper app for Android that lets you explore the symbolism and design of the Mexico flag.
458,The Modesto Bee is California’s oldest and largest daily newspaper.
459,Pizza Hut Singapore has launched a new delivery app for you to enjoy our delicious pizzas and pastas.
460,"I provide most useful extension for MIT App Inventor, Kodular Fenix and other similar website."
461,WhyQ is Singapore's leading food delivery service.
462,"The iConnectYou app gives you the power to connect with your wellbeing specialists anywhere, at any time."
463,Domino Cliff is an original relaxing casual game about toppling dominoes.
464,"Mobile phone autolink is a new type of mobile phone system, which allows the driver to use their mobile phone while driving."
465,Quix is a free quiz app which allows you to create your own quiz room and share it with others.
466,5G Blocker PLUS is an entertainment blocking app that blocks all 5G frequencies and waves around you!
467,"Impossible Dungeon is an idle RPG where you build a party, unlock skills, buy upgrades, and get more powerful, all so that you can go deeper into the dungeon than ever before."
468,"SPIE's new mobile app, SPIE My Schedule, is now available on the Apple and Android mobile devices."
469,Have you ever played a claw machine game?
470,Do you want to celebrate Christmas with your friends and family this year?
471,The Magic Mussel is a new way to test your knowledge!
472,All images are copyrighted.
473,Truein is a Face recognition based Time and Attendance solution designed specifically for Contractual and Distributed workforce.
474,Hoop Sort Puzzle is a puzzle game that will exercise your logical thinking.
475,Hey Let's Go is a match-3 puzzle game that's packed with fun and excitement!
476,Vote for your favourite bigg boss season 4 contestants anywhere in the world.
477,"With StockNow, you can stay up-to-date with the latest share bazar prices from Dhaka Stock Exchange Limited."
478,Perdoo has launched a new mobile app that allows you to keep track of your OKRs and KPIs on the go.
479,Dah Sing Bank is pleased to announce the launch of its new Dah Sing Mobile Banking Service.
480,Safaricom has launched a new mobile app called MySafaricom.
481,In this game you will have to collect coins and destroy obstacles in your way in order to win.
482,The STICK v2Light Stick to Smartphone Bluetooth is a light stick that connects to a smartphone via Bluetooth.
483,Number merge is a 3D racing game where you have to run from a small number to reach the end of the track.
484,"A tutoring app for students, parents and tutors."
485,"The best webradios playing Rap Hip-Hop New Jack, Booba, Rohff and artists performed on Generations."
486,The EZVIZ app gives you the power to monitor and control your home and business from anywhere in the world.
487,The latest version of the award-winning Poweramp mobile phone app is now available on the App Store and Google Play.
488,The Total Fitness is a free fitness app for Android and iOS devices.
489,FIE Swordplay is the world's first mobile game with real rules and techniques from athletic fencing that is officially supported by the International Fencing Federation.
490,Check-in at Next House Copenhagen is easy with our app!
491,Around Me is an app which helps you to find your nearest shops and restaurants in India.
492,If you've ever wanted to play a word game with your friends then this is the game for you!
493,The myWallbox app allows you to control and monitor your Wallbox charger from anywhere.
494,Wifi password manager is the best app to secure your Wifi password.
495,"Watch Mahabharat Ramayan Shree Krishna Full Episode on your phone, tablet or computer."
496,The H-E-B Partners (employees) app is available on the iTunes and Google Play stores.
497,"Whether you’re a fan of superheroes, graphic novels, or manga, Comics Plus from LibraryPass is the app for you."
498,Movie Diary is the most complete and Simple app for anyone who’s looking for a quick opinion about a movie.
499,"In our previous app, we brought you news, sports, entertainment and more from around the world."
500,Fruit Link Legend: Connect 3 or more fruits to blast!
501,ZipSchedules is an easy-to-use scheduling app that allows employees and managers to communicate and request time off or swap shifts.
502,SpeechStudy is the best app for learning German.
503,The Schulte table game will improve your concentration.
504,Tagalog Movies is the best place to watch all the latest movies from the Philippines.
505,The Prvit Every Day app is here to help!
506,Fury Tracks is a fast-paced action game where you’ll have to stop a massive train from derailing.
507,Check and limit how you use your apps.
508,Colors Flashcards is the best way to learn Colors and Shapes with multiple languages.
509,Bologna Porta Saragozza Bologna Travel Guide is the perfect companion to your trip.
510,ViHealth is a free health app for Android and iOS devices.
511,Find out more at Hudl.com
512,"Profile Picture Instagram is an app which helps you to download, view and share profile pictures from Instagram."
513,"3D Fruit Blast - FruitCrush is a new 3D fruit smashing game for iPhone, iPad and iPod touch."
514,The Let’s Ride app allows users to pre-purchase Kiddie Ride ticket bundles at a discounted price and cool rewards.
515,Craftsmaster: Deluxe Builder is a building game with unique graphics and easy to use to build and create with your imagination from block.
516,How much do you know about the best football clubs in the world?
517,The world's most popular business books are now available to download directly from the Soundview Library.
518,"Best Intraday Stock Tips provider in, India is offering best Intraday stock tips service to its customers."
519,AgroBazaar is an E-Commerce Platform for Malaysian Agro-based Products and Services.
520,"Find bus routes and stop information in Miami, Florida."
521,Power-up the spaceship in this exciting new game!
522,"An easy-to-use app to check-in, check-out and pick-up your flight."
523,Do you want to become an emoji expert?
524,Malaysia's KPP Traffic Rules Test is one of the requirements for obtaining a driving license for car or motorcycle.
525,This interactive map shows the path of the moon from the Earth to the Moon over the course of its orbit.
526,Velib is one of the most popular bike rental services in Paris.
527,The Tax Calculator app is a must-have tool for anyone looking to stay on top of their tax obligations and save money in the process.
528,"Whether you’re getting ready for a big day at the office, a night out with friends, or just want to make sure your beard is looking its best, GroomTribe is the app for you."
529,The Crystal Chronicles is a space exploration game set in the solar system.
530,Chef - Renovate your restaurant with hundreds of items and unlock new areas!
531,"Fire Alarm sound and ringtones for free, easy to use."
532,"Whether you’re looking to book a fishing trip for yourself or a group of friends, the FishingBooker app can help."
533,FNaf Security Breach Mods for Minecraft Pocket Edition is an application that will allow you to experience the horror of fnaf in a whole new way.
534,School attendance and homework app for Android and iOS.
535,"The Morgan State University mobile app gives you access to the latest information aboutMorgan State University anytime, anywhere."
536,Lollipop Cross is one of the best free mobile games that you can play online or offline.
537,MCPE mod for Blocker is an application which help you to add new features to your MCPE games.
538,Sparkle Stories is the world's largest collection of children's stories.
539,Star Wars: The Old Republic is a space strategy game with a twist.
540,The My chatr app gives you all the information you need to manage your chatr account.
541,Ourvalley-labs' karaoke app uses artificial intelligence (AI) to create music tracks that you can remix and sing along to.
542,"With the zExpense app you can easily take pictures of your receipts and automatically transfer them to your account in z Expense, to match them with credit card transactions or register in cash outlays."
543,Mysterious Stones 2248 is a new free Jewels link clear puzzle game that will take you into ancient Egypt time.
544,Train Tracks 2 (rebooted) is your very own virtual train set.
545,DEXTR is a new taxi service in the Netherlands.
546,"Dispatch Manager is an easy-to-use, web-based dispatching and scheduling software for small and medium-sized businesses."
547,Namshi is the Middle East's leading online fashion and lifestyle retailer.
548,"This app was developed for Vector Science Academy, a leading science school in Delhi, India."
549,"Haryana Beats the Haryanavi Music Channel is the only place where you can get all the latest Haryanavi songs, Haryanavi music videos and Haryanavi news."
550,"In this game, you will have to shoot the balls to the highest score."
551,"If you want to enhance the sound of your music, but you don't have headphones or a premium music system, then you've come to the right place."
552,LanguageTalkie is an application that allows the user to learn different languages with the output as speech.
553,"Kuailian wallet is a secure and easy-to-use multi-wallet that allows users to store, send and receive crypto assets."
554,Fallen Berry is an easy arcade game.
555,"Enablon, the world’s leading provider of Sustainability, EH&S and Operational Risk Management Software, has launched a new app to help companies improve their environmental, social and safety (ES&S) performance."
556,hi5 is the world's most popular dating app.
557,TownWiFi is a free app which allows you to connect to millions of public WiFi networks around the world.
558,The Brisbane app is your one-stop-shop for everything in the city and suburbs throughout Brisbane.
559,Go SMS Pro is the best way to send and receive text messages on your Android phone or tablet.
560,Chinese vocabulary helps you learn vocabulary effectively step by step that will give visitors to China and those who are interested in learning Chinese a good start in the language.
561,Genii Games is a fun app for learning African languages.
562,Fake call is an app that lets you simulate a real incoming call on your phone.
563,Huq eat is a food delivery app developed by Huq in Maldives.
564,In this game you have to guess the name of animals and birds by choosing letters.
565,Online Dish TV is one of the leading TV streaming platform in Bangladesh.
566,Slime is not edible but it is a very satisfying activity to release stress and play with slime on your phone.
567,"Amazing Gospel Praise by Great Gospel Artist, user has over 100 praise and worships song to listen to."
568,"Michigan's high school football season is under way, and here's a look back at some of the top stories from across the state this year."
569,"Do you want to find the best places to eat, shop, and meet people in Seguin?"
570,All audio files are copyrighted.
571,Samocat Sharing - automated kick-scooter sharing system.
572,Farm Freshs is a food delivery service based in Malaysia.
573,"Get 5 GB of secure cloud storage free with Sync, the world's most popular file-sharing app."
574,"In this space exploration game, you will have to answer some of the most fundamental questions about the universe."
575,All images are copyrighted.
576,This page contains the full reciter of the holy Quran.
577,"The free SwitzerlandMobility app is the perfect app for anybody who is out and about in Switzerland either in summer or winter:- maps of Switzerland from swisstopo (the best) up to a scale of 1:10,000- 32,000 km signposted non-motorized routes (national, regional and local)- complete network of signposted"
578,WPSConnect Wifi is a beta featured utility focused for Analyzing and testing Authorized Networks only!
579,"Werner is an open-source, cross-platform utility for creating, managing and sharing Werner-related content."
580,Balls Bricks Breaker 2 - Puzzle Challenge is a simple addictive and pleasurable bricks breaker game!
581,"If you're a fan of blocking certain apps from accessing the internet, then you've come to the right place."
582,Find out more about Tree of Life Church at treeoflifechurch.org
583,"Roomies is an audio social app for people to hold audio chats, rooms etc, you can pop in to existing rooms and participate in the discussion or you can invite people to join."
584,Get the best bang for your buck with JLab Audio's Burn-in Tool app.
585,"This app is easy contacts utility which helps generating and deleting contacts, and pulling DB."
586,"It's gossip week in the UK, so what are you doing to keep yourself and your friends safe?"
587,"All places in the app have been visited, assessed and photographed with a drone by the author of Campersite Norway."
588,Bubble Shooter Panda is one of the best Bubble Shooter games on the market today.
589,"This app is intended only for owners of the Tempest Game Clock: a deluxe heavy-weighted, traditional form factor chess clock (using a patented precision rocker controller during play, not the touch screen)."
590,Do you want to earn extra money just by sharing things which you don’t use anymore?
591,"Destinations can be sent to anywhere in the world, 24 hours a day, seven days a week."
592,Societe Generale invites you to take part in the Move For Youth Challenge to support the fight against HIV/AIDS.
593,"The Ag PhD fertilizer application is a great reference for you as you plan fertilizer applications on your farm, and you will be given the amount of vital crop nutrients that your desired yield will need."
594,"GIMIN Studio is an easy-to-use, web-based payment management software for small and medium-sized businesses."
595,Unbklocker is one of the most popular VPN service in the world.
596,Petroleum Dictionary Offline is a free app that helps you find the words you are looking for in the dictionary.
597,Kodak - Share life's moments!
598,All images are copyrighted.
599,"Electric vehicles (EVs) need charging stations, but how do you find them?"
