Description,Generated About,ROUGE-1,ROUGE-2,ROUGE-L,Average ROUGE-1,Average ROUGE-2,Average ROUGE-L
"Browse upcoming sales, track your favorite lots, and place bids in our auctions.",Phillips Auction House: The First Truly Mobile Auction Saleroom,0.09090909090909093,0.0,0.09090909090909093,0.3970975798852559,0.17224668870170654,0.3397273608509983
Every slot in Take5 is unlocked to play for all!,"""Take5 Slots: Play Free, Become a Superstar!""",0.3529411764705882,0.0,0.23529411764705882
Change the region setting of your e-scooter from German to international.,E-Scooter Feature Enhancer,0.25,0.14285714285714288,0.25
"The Las Vegas Review-Journal: breaking news, alerts, and the daily e-edition.",Las Vegas Review-Journal: Your source for breaking news and exclusive content in Southern Nevada.,0.5,0.30769230769230765,0.5
Watch over your home from anywhere in the world with the Imou Life app.,"Imou Life App: Secure, Simple, and Smart IoT Solutions",0.2608695652173913,0.1904761904761905,0.2608695652173913
This app can conveniently calculate VAT.,VAT Calculator - Easy and Adjustable Tax Rate Calculations,0.28571428571428575,0.0,0.14285714285714288
Random video chat to meet new friends! Start Chatting now and enjoy!,Poqe: Privacy-friendly Random Live Video Chatting App,0.3,0.1111111111111111,0.3
Your best online money transfer solution,Send Money Worldwide at the Best Rates,0.30769230769230765,0.0,0.15384615384615383
Please Download Skins for Minecraft Hello My Neighbor Now!,Superheroes Skins for Minecraft and Hello Neighbor Addon Pack,0.5555555555555556,0.25,0.5555555555555556
Elite Personal Training Management Platform,Elite Trainr - Personal training management platform for athletes and trainers.,0.6666666666666666,0.46153846153846156,0.6666666666666666
Install fnaf security breach mods for minecraft and other in a just few clicks,FNAF Security Breach Mods for Minecraft Pocket Edition,0.5454545454545454,0.5,0.5454545454545454
"Your one stop shop for San Diego Wave FC news, player info and ticketing!",San Diego Wave FÃºtbol Club Mobile App,0.2727272727272727,0.2,0.2727272727272727
The one and only app for events and meetings in Volvo Group.,Volvo Group Event App,0.5,0.14285714285714288,0.25
Electronic Visit Verification for the Ascend payroll and billing platform.,"Ascend EVV: An Open Source, privacy-friendly healthcare solutions platform for Home Healthcare providers.",0.25,0.0,0.16666666666666666
Wish your friends and family members with these HD birthday photo frames.,Happy Birthday Photo Frames: Create beautiful birthday memories with unique HD frames.,0.4166666666666667,0.18181818181818182,0.25
This game is simple and interesting!,Action-packed weapon experience game!,0.1818181818181818,0.0,0.1818181818181818
Autolink is an specially APP for the combination of vehicle and mobile phones.,Autolink: Convenient and Safe Mobile Phone Integration for Vehicles,0.5454545454545455,0.1,0.3636363636363637
This app provides trainees and instructors with information on trainings.,Training by Airbus App: Enhancing Communication and Quality in Aviation Training,0.28571428571428564,0.0,0.28571428571428564
Calculate your total tax applying to your salary or income,"Tax Calculator: A privacy-friendly, open source tool for monthly tax management.",0.1818181818181818,0.0,0.1818181818181818
A simple paper shredder sound application,Paper Shredder Sound: A Relaxing White Noise App,0.5714285714285715,0.3333333333333333,0.42857142857142855
Find the fastest DNS server for your phone or network,"""Compare DNS Servers for Speed and Privacy""",0.3529411764705882,0.26666666666666666,0.3529411764705882
"Play awesome typing game. Type, Shoot and Kill Zombies. Do typing practice.",**Typing Game: Improve Your Typing Speed with Fun Zombie Challenges**,0.3636363636363636,0.09999999999999999,0.3636363636363636
"Search, save, and share the most accurate & up-to-date real estate information.",Aloha Living: Your Privacy-Friendly Real Estate Companion for Hawaii,0.17391304347826086,0.09523809523809525,0.17391304347826086
Plane Mapper Lite show real time flights,PlaneMapper: Real-time plane and flight tracker with up-to-date status and industry news.,0.36363636363636365,0.1,0.27272727272727276
A very basic app to create your list of groceries.,"""Simple Grocery List App with Sharing Features""",0.3529411764705882,0.0,0.11764705882352941
Enablon Inspection solution is designed to securely create and answer checklists,"Enablon Inspection: Open Source, privacy-friendly inspection solution for sustainability management.",0.2727272727272727,0.20000000000000004,0.2727272727272727
"TMC: Only read stories that matter, on the internet, business and chaos.","The Morning Context: Your source for ambitious, well-researched stories on startups, technology, and more.",0.2962962962962963,0.0,0.22222222222222224
Genii Games is a fun app for learning African languages.,"Genii Games: Fun, Open Source app for learning African languages.",0.8000000000000002,0.5555555555555556,0.8000000000000002
Music player with unique features such as a real and intelligent shuffle mode.,"REAL Shuffle Player: An Open Source, privacy-friendly audio player with intelligent shuffle and advanced features.",0.4827586206896552,0.14814814814814814,0.27586206896551724
Crossbar helps keep your life organized when it comes to youth sports.,Crossbar: Your Organized Youth Sports Companion,0.5555555555555556,0.12500000000000003,0.5555555555555556
Matches Puzzles is a Game to Stimulate Your Brain By Playing matches puzzles,Brain Buzzer - Matches Puzzles: A Privacy-Friendly Puzzle Game to Stimulate Your Brain!,0.6923076923076923,0.4166666666666667,0.6153846153846154
We connect you with homegrown talent on a fun and easy to use mobile app.,mabspace: A freelance community for homegrown talent in Sri Lanka.,0.24,0.08695652173913043,0.16
"Wherever you are, the FCM travel platform will help make your trip easy",Manage Your Trip with Ease: A privacy-friendly travel management app for FCM Travel customers.,0.28571428571428575,0.15384615384615383,0.14285714285714288
"Draw, Paint, Make your Beautiful Gallery!","""Draw, Paint, Make your Beautiful Gallery!""",1.0,1.0,1.0
A nuclear siren in your pocket.,Nuclear Siren Sound Simulator,0.4,0.25,0.4
Swordplay is the first mobile game with real athletic rules for fencing.,FIE Swordplay: The Official Mobile Fencing Game with Real Athletic Rules,0.7826086956521738,0.380952380952381,0.6956521739130435
Live at Foulger Pratt? Download the app now!,Foulger Pratt Resident Management App,0.4615384615384615,0.18181818181818182,0.4615384615384615
Live DuckTheLine waiting time with use and fun!,Live DuckTheLine: Make waiting fun with real-time line tracking!,0.6666666666666665,0.125,0.4444444444444445
"Customize your character, adopt pets, and play with friends!",Join the adventures of Poptropica!,0.0,0.0,0.0
A convenient and functional notes and tasks manager,Text Notes and Tasks Synchronization App,0.42857142857142855,0.3333333333333333,0.42857142857142855
Manage your Group Benefits and Group Retirement plans with Manulife Mobile app.,Manulife Mobile: Your all-in-one app for managing Group Benefits and Retirement plans.,0.7692307692307692,0.33333333333333337,0.4615384615384615
LibraDragon is an innovative blockchain game.,LibraDragon: An innovative blockchain game redefining mobile gaming with the Consensus Game concept and POP (Proof of Playing) mechanism.,0.39999999999999997,0.2608695652173913,0.39999999999999997
Hey's struggle to find mother on the moon!,"""Journey to the Moon: A Heartfelt Adventure""",0.375,0.14285714285714288,0.375
Next Generation of hill racing games. Draw your roads and climb the hills,"""Road Draw: Climb Your Own Hills"" - An addictive physics-based hill racing game with innovative gameplay.",0.5517241379310345,0.14814814814814814,0.20689655172413793
Trip planner. 100% Free. Top Tours. Best rated activities.,"Bologna Travel Guide: Your free, multilingual companion for exploring Bologna's top attractions and activities.",0.25,0.0,0.25
Looking for the best Dancehall radios? this is your app download for free!,Dancehall music radio: Your go-to app for reggae dancehall music and updates.,0.38461538461538464,0.0,0.38461538461538464
fire edges dynamic wallpapers animated background with edges effect,3D Fire Edges Wallpapers: Animated 3D flames live wallpaper for personalization.,0.39999999999999997,0.22222222222222224,0.39999999999999997
"Your helper when something happens: assistance, claim, contracts, documents","""Your digital insurance card and helper""",0.26666666666666666,0.0,0.26666666666666666
"A lightweight, simple music player.",SM Player: A simple .mp3 music player for straightforward playlist creation and music playback.,0.4210526315789473,0.11764705882352941,0.4210526315789473
"Plan your journey, get real time info on the bus and more",Pame App: Real-time journey planning for Cyprus Public Transport,0.3636363636363636,0.09999999999999999,0.1818181818181818
Nazzar app can let us know the exact location of the target device,Real-time Location Tracker for Family and Friends,0.09523809523809525,0.0,0.09523809523809525
Enhancing your experience through augmented reality at Waimangu Volcanic Valley,"""Explore Waimangu Volcanic Valley: Augmented Reality & Cultural Discovery""",0.5555555555555556,0.375,0.33333333333333326
"This is the Indian browser, made for the fastest people in the world.","BN Browser Search: The world's most complete, independent, private search engine.",0.24000000000000002,0.08695652173913043,0.24000000000000002
Take this cool personality test to find out which princess are you.,"""Which princess are you? easy quiz - Fun, free personality test with multiple quizzes!""",0.48000000000000004,0.34782608695652173,0.32
Favourite logic game.,Nonograms: A logic game with over 800 puzzles and an editor.,0.28571428571428575,0.16666666666666669,0.28571428571428575
TaskEasy App for contractors to manage services work directly from their phone.,TaskEasy for Contractors: Simplifying Lawn Care for Professionals,0.3,0.1111111111111111,0.3
Choose the best moment of your video and save it with MP4 Cutter,MP4 Cutter: Trim Your Videos and Save Storage Space,0.5454545454545455,0.4,0.3636363636363637
The Official app for RCC Magnum.,Official RCC Magnum Members App,0.7272727272727272,0.22222222222222224,0.5454545454545454
Try the new Android App for Red Canoe Credit Union!,"Red Canoe Credit Union Mobile Banking: Secure, Free Access to Your Accounts",0.3636363636363636,0.3,0.3636363636363636
Call Forwarding is easy and simple application to use.,Call Forwarding App,0.3333333333333333,0.2,0.3333333333333333
"Never miss a beat! Get local & US breaking news on your phone, ultra-fast.",Breaking News US: Your privacy-friendly source for hyperlocal and national news.,0.30769230769230765,0.08333333333333334,0.23076923076923075
Transcribe voice recordings from a video or audio file to text (Not for Songs).,Compact Offline Audio Transcriber,0.22222222222222224,0.0,0.11111111111111112
An awesome way to turn a plain keyboard into a beautiful Flowers Keyboard.,"Flowers Keyboard - A customizable, vibrant keyboard theme featuring pink flowers and unique designs.",0.3076923076923077,0.08333333333333333,0.23076923076923078
We share your sport tips with our expert teams.,"""Daily Expert Predictions for Risk-Free Sports Betting""",0.23529411764705882,0.0,0.11764705882352941
"Engage, Reward & Own! Join the global Fan Sports community for exclusive perks",The Home of Fan Tokensâ„¢: Earn Rewards and Experience Sports Like Never Before,0.32,0.0,0.24000000000000002
Compare the fees & foreign exchange rates of different money transfer companies.,SendMoneyPacific: Compare money transfer costs for migrants in Australia and New Zealand.,0.2608695652173913,0.09523809523809525,0.2608695652173913
An app for H-E-B Partners (employees),Partners â€“ A helpful app for H-E-B employees.,0.823529411764706,0.5333333333333333,0.7058823529411765
"Help the princess go through zigzags, collect crystals and get to the castle.",Game for girls: Help the princess navigate zigzags to reach the castle.,0.5599999999999999,0.2608695652173913,0.5599999999999999
The most addictive brick breaker game in the world!,Balls Bricks Breaker 2 - Puzzle Challenge: An addictive offline bricks breaker game with hundreds of levels and special skills!,0.2857142857142857,0.15384615384615383,0.2857142857142857
LogAlto allows offline data collection to facilitate field surveys.,LogAlto: Offline Data Collection for Clients,0.5333333333333333,0.3076923076923077,0.5333333333333333
"A platform to Learn, Associate and Meet with relevant people.","""RightAccess: A platform to Learn, Associate, and Meet with relevant people.""",0.9523809523809523,0.9473684210526316,0.9523809523809523
Unleash your device's potential with this easy and feature-full file manager.,"""Computer: A free, full-featured, privacy-friendly file explorer with multi-tab support.""",0.3076923076923077,0.0,0.15384615384615385
This is a COMPANION APP to the Tempest Clock (sold separately).,Tempest Game Clock Companion App,0.5000000000000001,0.14285714285714288,0.25000000000000006
Track your health and get recommendations for your procedure.,SeamlessMD: Your personalized healthcare companion for pre and post-procedure care.,0.39999999999999997,0.0,0.3
Momentum Health app for Android -- Now It's Even Easier to Be Engaged!,"Momentum Health: Your gateway to corporate wellness with biometric screenings, health surveys, and coaching.",0.22222222222222224,0.08,0.22222222222222224
Our app has everything you need in the palm of your hands.,"Ultimate Convenience App for Event RSVPs, Rent Payments, and Service Bookings",0.08695652173913043,0.0,0.08695652173913043
Cowboy gunfight of the old west.,"""Become the fastest gunfighter in the wild west.""",0.42857142857142855,0.0,0.42857142857142855
Reference to help you calculate and plan fertilizer applications on your farm,Ag PhD Fertilizer Removal by Crop: Your essential reference for planning fertilizer applications.,0.4,0.17391304347826086,0.32
Letâ€™s monitor catâ€™s health status through PurrSong application.,"PurrSong: Open Source, Privacy-Friendly Cat Healthcare Sync App",0.2105263157894737,0.0,0.10526315789473685
The Hudl app helps coaches and athletes win using video.,Hudl: Video Analysis and Coaching Tool for Teams,0.4444444444444445,0.0,0.22222222222222224
"Cloud storage, automatic phone backup, and more.",Google One: Automatic Backup and Cloud Storage Management,0.6666666666666666,0.30769230769230765,0.39999999999999997
"An all-new SOCAR app, Malaysiaâ€™s No.1 Car-Sharing App.","""All-new SOCAR app: Book and drive 30+ car models with 24-Hour Live Customer Support.""",0.35714285714285715,0.23076923076923075,0.35714285714285715
Join friends in Clash Guys for thrilling battles & multiplayer fun!,Clash Guys: Thrilling Multiplayer Ball Battles!,0.625,0.14285714285714285,0.5
Guess a rebuses on a pictures. Get a score for each guessed rebus.,"""Guess the Rebus: Picture Puzzle Game""",0.3157894736842105,0.0,0.21052631578947367
Frequent and comfortable flights between Bermuda and the East Coast of the U.S.,"BermudAir: Boutique all-business class flights connecting Bermuda, the East Coast U.S., and south Florida.",0.5333333333333333,0.21428571428571427,0.4666666666666667
The exciting match 3 puzzle game with your favorite cryptos! HODL!,"""Crypto Burst: Discover and Swap Cryptocurrencies in a Fun Puzzle Game!""",0.2727272727272727,0.10000000000000002,0.18181818181818182
"FREE! Easy to take screenshots, Easy to resize, scribble, add mosaic and text","Super Screenshot: Easy, free screenshot tool with editing features.",0.27272727272727276,0.1,0.18181818181818185
"BlueSG, the first and only electric vehicle A-B car-sharing service in Singapore",BlueSG: Singaporeâ€™s first and largest electric vehicle car-sharing service.,0.7200000000000001,0.34782608695652173,0.64
START is an Advanced and Highly Customizable Enterprise Teamwork Platform,START: An Advanced and Highly Customizable Enterprise Teamwork Platform,0.9473684210526316,0.823529411764706,0.9473684210526316
"""Search"" for and ""Connect"" to Free Wi-Fi in Japan!",SPOT: Easy access to free Wi-Fi across Japan for tourists.,0.5714285714285713,0.3157894736842105,0.47619047619047616
Teaching Community of Cory Muscara,Practicing Human: A community for guided meditations and personal growth.,0.13333333333333333,0.0,0.13333333333333333
Provide you weather forecast daily and news of climate in Cambodia,Khmer Weather Forecast: Stay informed about Cambodia's weather with daily updates and alerts.,0.4,0.08695652173913043,0.32
The app helps in checking scores in the form of statistics that are easy to use,Maple Board Game Stats: Record scores and earn rewards at Maple Board Game Cafe.,0.06666666666666667,0.0,0.06666666666666667
Customize DI2 electric shifting in addition to the E-BIKE assist power program.,Maximize Your Bike Performance: Customize Your E-Bike Experience,0.27272727272727276,0.1,0.27272727272727276
Lake Forest Bank and Trust .COMmunity MOBILE,.COMmunity Mobile: A privacy-friendly mobile banking service for easy money management.,0.3157894736842105,0.11764705882352942,0.2105263157894737
Merge & cook food - Delicious merge game!,Merge & Cook: A Restaurant Renovation and Recipe Unlocking Game,0.4,0.15384615384615385,0.4
Welcome to the official app for Church of Champions,Church of Champions: Shareable Content Hub,0.4,0.3076923076923077,0.4
A paperless confirmation of delivery including images and signature capture.,Epicor Proof of Delivery Version 2.0: Empowering drivers with real-time delivery management.,0.16666666666666666,0.09090909090909093,0.16666666666666666
Free Petroleum Dictionary Offline with thousand of Words and Terms,"Petroleum Dictionary Offline: Free, Offline Access to Thousands of Petroleum Terms",0.6666666666666666,0.3157894736842105,0.5714285714285713
Best screen lock with mosque door look like real door with entrance prayer,Mosque Door Lock: A privacy-friendly lock screen for Muslims to remember the mosque entrance prayer.,0.41379310344827586,0.14814814814814814,0.27586206896551724
"Search over 300,000 animals at nearly 14,000 shelters across the country.",Petly: Connect and Search for Pets in Need at Local Shelters,0.24999999999999994,0.0,0.24999999999999994
SeMAI-X with AI help to digitize palm oil operation and increase productivity.,SeMAI-X: Smart Productivity App for Palm Oil Plantations,0.4545454545454546,0.2,0.3636363636363637
Connect with JAGDALE COACHING CLASSES in an efficient and transparent manner,JAGDALE COACHING CLASSES: An efficient online platform for managing tutoring data.,0.45454545454545453,0.3,0.45454545454545453
"Free, fast, secure, efficient and easy to use tool for management of your files","NG File Manager: A free, fast, secure, and efficient file management tool.",0.6153846153846153,0.16666666666666669,0.3846153846153846
Can you guess the football club? Guess the team by nationality! (Whats the team),Guess the Football Team Quiz: Test Your Knowledge of 125 Clubs!,0.4,0.17391304347826086,0.32
Share & Watch Epic PC Gaming Moments From Your Phone With Your Friends,Medal: Share and Watch Epic Gaming Moments,0.5263157894736842,0.23529411764705885,0.5263157894736842
Zigbang allows you to check out locations of the room of your choice on the map.,Zigbang: The 1st-ranked real estate app in Korea for finding rental apartments.,0.13793103448275862,0.0,0.13793103448275862
Take control of a very dangerous Dragon in this action-packed adventure.,"""Dragon's Revenge: Action-Packed Adventure with Destructible Terrain""",0.380952380952381,0.2105263157894737,0.380952380952381
looking for a friend who will always talk to you and never get bored of you,"""Robot Adam: Your Always-Available, Trustworthy Friend""",0.17391304347826086,0.0,0.08695652173913043
Eleven is auto detailing application that serves car washing at your door step,"Eleven: Eco-friendly, waterless auto detailing at your doorstep.",0.4545454545454546,0.2,0.4545454545454546
"current carrying capacity, voltage drop table, correction tables, electrical app",Electrical Cable Table: Free app for electricians with cable sizing and electrical calculation tools.,0.25,0.0,0.16666666666666666
The worldâ€™s leading app for oil & gas news and jobs,Rigzone: Your gateway to oil and gas jobs and industry news.,0.45454545454545453,0.0,0.2727272727272727
Next House Copenhagen check-in app provide you with an easy way to get your key,Next House Copenhagenâ€™s Check-In App: Streamline Your Hostel Arrival,0.5185185185185185,0.32,0.5185185185185185
ë¸”ë¦¬í”¼ Blipy is an all in one notification app.,Blipy: Stay updated with notifications from your favorite platforms.,0.23529411764705882,0.0,0.23529411764705882
Rhodaa is peer to peer car rental platform in Egypt.,Rhodaa: A peer-to-peer car-sharing platform in Egypt.,0.8000000000000002,0.5555555555555556,0.8000000000000002
Manage your fleet On-The-Go with Fleet Complete Mobile Tracking Application,Fleet Complete Mobile: On-the-Go Fleet Tracking Application,0.8571428571428571,0.5263157894736842,0.6666666666666666
Fun color by number game. Create stunning photos with diamonds color pop!,"""Cool Color Pop by Number: A Soothing, Zen Art Experience""",0.3636363636363636,0.19999999999999998,0.2727272727272727
"Organize, access, and prove your credentials and achievements with Merit!","""Merit: Your Privacy-Friendly, Open Source Credential Management App""",0.3157894736842105,0.0,0.2105263157894737
Connect with SIKHEKEBA in an efficient and transparent manner,SIKHEKEBA: A user-friendly platform for efficient tutoring class management.,0.2105263157894737,0.0,0.2105263157894737
This application provides many features of the EnterpriseOne client.,EnterpriseOne Mobile for Sellers,0.15384615384615383,0.0,0.15384615384615383
Movie Diary is a Simple Application for get Details of Movies.,"Movie Diary: Your complete and simple movie companion for ratings, reviews, and trailers.",0.41666666666666663,0.0909090909090909,0.33333333333333337
New Tagalog Movies App.,Tagalog Movies: Latest Philippine and Dubbed Filipino Films,0.3333333333333333,0.2,0.3333333333333333
Connects you to all the free resources on the forchildren.com websites.,"ForChildren: Holistic Child Development Resources, Offline Access",0.2105263157894737,0.0,0.10526315789473685
Must be installed to allow the MaxiAP200 to diagnose AP200C vehicles.,AP200C Vehicle Diagnosis App,0.26666666666666666,0.15384615384615383,0.26666666666666666
Unicorn Slime Maker | Slime Simulator Rainbow Satisfying App play Release Stress,"""Slime Maker: Stress-Relieving Slime Simulation""",0.5882352941176471,0.26666666666666666,0.4705882352941177
Street Hawks is going to be one of the India's largest ride-sharing companies.,Street Hawks: India's Innovative Ride-Sharing Platform,0.5217391304347827,0.2857142857142857,0.5217391304347827
mow the grass and feed the animals in your ranch,"Lawn Mowing Adventure: Mow, Explore, and Care for Adorable Animals!",0.3,0.0,0.3
"Here You Scratch and Spin And Collect Unlimited Coins, Coins Conver Into Money .","Lucky Winner - Earn Money: Scratch, Spin, and Earn Real Cash!",0.34782608695652173,0.09523809523809525,0.2608695652173913
"Teams, scores, streams & more.","""Everything you need to support schools, clubs, athletes and teams.""",0.14285714285714288,0.0,0.14285714285714288
Bellevue University is the official campus app for current Bellevue students.,Bellevue University Campus App: Your all-in-one tool for student life and campus engagement.,0.4615384615384615,0.16666666666666666,0.4615384615384615
"Add VA, safety announcements, boarding music and emergencies to Infinite Flight",Infinite Passengers: Enhance Your Infinite Flight Experience with Virtual Airline Management,0.18181818181818182,0.10000000000000002,0.18181818181818182
"The best calculator app simple, beautiful, and stylish. Ideal for everyday use.",Simple and Elegant Calculator for Everyday Use,0.631578947368421,0.23529411764705885,0.5263157894736842
"A Relationship platform, for the best of us!",Relationship Platform for Meaningful Connections,0.4615384615384615,0.36363636363636365,0.4615384615384615
Sports Car Photo Edits can beautify all your photos and make the best moments.,Sports Car Photo Edits: Create Stunning Car-Themed Photo Art,0.41666666666666663,0.27272727272727276,0.41666666666666663
Pink Park allows you to book privately owned parking spots,"""Pink Park: Your modern, privacy-friendly solution for booking hourly/daily parking spots.""",0.4347826086956522,0.1904761904761905,0.4347826086956522
Ronaldo Cr7 Stickers for WhatsApp has finally arrived !!!,Ronaldo CR7 Stickers for WhatsApp,0.7692307692307693,0.7272727272727273,0.7692307692307693
"Powerful Music Player with intuitive UI design, Equalizer, Music search and more","""Privacy-friendly Open Source Music Player""",0.2222222222222222,0.12500000000000003,0.2222222222222222
PropEase is a Property Management mobile application,"""PropEase: Revolutionizing Property Management with Ease""",0.4615384615384615,0.1818181818181818,0.4615384615384615
a specialized platform for eCommerce from China,Lotto platform: Specialized eCommerce with global warehousing and logistics services.,0.3529411764705882,0.0,0.23529411764705882
Velocity VPN is a 100% Free VPN that does not require any type of registration.,"Velocity VPN Master - Free, Unlimited, Proxy App",0.27272727272727276,0.1,0.27272727272727276
No need to call 123 while you need to check the remaining balance or top up!,VIBO ONE APP: Convenient balance checks and easy top-ups for international calls.,0.27586206896551724,0.0,0.13793103448275862
My chatr app is the easiest way to quickly manage your account at any time.,My chatr: Manage your account with ease and convenience.,0.4166666666666667,0.2727272727272727,0.4166666666666667
Interactive electric fields.,"""Add and invert electrical field charges""",0.4444444444444444,0.28571428571428575,0.4444444444444444
The Paychex OasisÂ® Time Kiosk enables clients to turn an iPadÂ® into a time clock,"Paychex OasisÂ® Time Kiosk: A privacy-friendly, self-service time clock app for employees.",0.4827586206896552,0.29629629629629634,0.4827586206896552
"Antivirus app with virus cleaner, junk cleaner.","Antivirus Virus Cleaner: A privacy-friendly, open-source app for virus removal, junk cleaning, and file management.",0.4166666666666667,0.09090909090909091,0.3333333333333333
The XL Flor App offers everything you need as a wholesaler.,"""XL Flor: Your reliable partner for wholesale flowers, plants, and hardware.""",0.2727272727272727,0.10000000000000002,0.2727272727272727
"Tarality, you can manage Bitcoin, Ethereum, BNB token right on your mobile phone","Tarality: Open Source, privacy-friendly wallet for managing Bitcoin, Ethereum, and BNB with instant transfers and QR code payments.",0.3125,0.13333333333333333,0.3125
SR Connect allows you to monitor and control your home Wi-Fi network,SR Connect: Manage Your Home Wi-Fi Network with Ease,0.608695652173913,0.4761904761904762,0.608695652173913
The official Killeen ISD app!,Killeen ISD App: Your personalized window into district news and information.,0.37499999999999994,0.28571428571428575,0.37499999999999994
App for water and heat metering devices remote reading,B METERS Wireless Data Reader,0.14285714285714285,0.0,0.14285714285714285
Onet Poczta is a mail application to handle all e-mails and accounts on Onet.pl.,Onet Poczta: Free and Intuitive Mail Application,0.43478260869565216,0.19047619047619044,0.34782608695652173
Make your mobile TV wherever you want and watch live TV.,"Online Dish TV: Unlimited live TV, movies, and sports in HD for the Bangladeshi community.",0.30769230769230765,0.08333333333333333,0.23076923076923075
"Reward CHiP for good behaviour, track mood + health and control his every move!","""CHiP: Your Smart, Affectionate, and Trainable Robot Dog""",0.1904761904761905,0.0,0.1904761904761905
GÃ©nÃ©rations FM la radio + Hip-hop Rap Soul Funk R&B webradios,"Generations: Your Favorite Hip-Hop and Rap Web Radios Anytime, Anywhere!",0.32,0.08695652173913043,0.23999999999999996
The official app for Seneca Valley School District,Official app for Seneca Valley School District,0.9333333333333333,0.923076923076923,0.9333333333333333
"Extension and Project AIA file for App Inventor , Kodular Fenix by DeepHost","""Open Source Extension for MIT App Inventor and Kodular Fenix""",0.6363636363636365,0.19999999999999998,0.5454545454545454
Racing and Driving Nissan Cars Simulation Game on Free!,"""Realistic Luxury Car Driving Game""",0.42857142857142855,0.0,0.2857142857142857
The free app contain the cute emoji images and the best quality,"""Emoji Wallpaper: Free Offline Emoji and Sticker Images for Your Phone""",0.34782608695652173,0.0,0.2608695652173913
Can you complete the mosaic with a blast?,Mosaic Cannon Challenge,0.18181818181818182,0.0,0.18181818181818182
"With graph maker you can make bar graph, pie graph, line graph and much more...",Chart Maker/Graph Maker: Create and convert various charts easily.,0.24,0.08695652173913043,0.24
It allows to control INTEX Home Theatre with your smart phone.,**Made In India** - A user-friendly app for INTEX Home Theatre Systems with no installation required.,0.2962962962962963,0.16,0.2962962962962963
Study app for O and A Level students! Get instant access to study material,"""Community-Driven Study Resources for O and A Levels""",0.5217391304347826,0.380952380952381,0.5217391304347826
This application helps you to manage your money and challenge you to save.,Ipon: The Money Challenge - A fun way to develop saving habits through personalized challenges.,0.29629629629629634,0.0,0.29629629629629634
"Now you have access to Ticket Omaha's events at anytime, anywhere!","Ticket Omaha Fan App: Your free, easy access to events and news from Ticket Omaha.",0.3703703703703704,0.16,0.2962962962962963
Shop Tools & DIY | Compare ALL Stores with JUST 1 CLICK | BEST Price Guaranteed,"""One-Click DIY Shopping App: Compare Prices on Tools, Hardware, and Garden Products""",0.46153846153846156,0.0,0.23076923076923078
"SwipeSimple gives you the tools to take credit card payments anytime, anywhere.",SwipeSimple: Accept credit card payments on the go with privacy-friendly features.,0.4166666666666667,0.18181818181818182,0.3333333333333333
DaiBau PRO is used by professional contractors and architects,DaiBau PRO: Manage client leads and projects for contractors and architects.,0.5,0.33333333333333326,0.5
"A collection of the dankest, most popular meme sounds. Made by ZomboDroid.",ZomboDroidâ€™s Meme Soundboard: Your ultimate destination for meme sound enthusiasts!,0.2608695652173913,0.09523809523809525,0.17391304347826086
"DEXTR, the easiest taxi app in the Netherlands. Download now and feel the ease!",DEXTR: The easiest taxi service in the Netherlands.,0.6363636363636364,0.5,0.6363636363636364
Welcome to the OVCN App. Stay connected and updated.,"OVCN App: Stay connected with events, ministry, and live streams at Oro Valley Church of the Nazarene.",0.46153846153846156,0.25,0.3846153846153846
"Tap, Drop, Merge Drop the numbers More you add, more points you get!","Drop the Number! - A free, offline puzzle game with a world ranking system and smooth gameplay.",0.20689655172413793,0.14814814814814814,0.20689655172413793
Connect with experts to get questions answered: through chat or video call.,Minnect: Connect with experts and celebrities for personalized advice and insights.,0.2608695652173913,0.1904761904761905,0.2608695652173913
The new Robin Hood app has everything you need to get around Nottingham.,"Robin Hood Network: Smart, accessible travel across Nottingham's bus, tram, and train operators.",0.22222222222222224,0.08,0.22222222222222224
Collect hero powers and rush through obstacles to win the race. Beware of traps!,"""Epic Superhero Race: Save the World!""",0.2,0.0,0.1
MySafaricom provides easy access to Safaricom products and services.,MySafaricom: Your all-in-one app for Safaricom products and services.,0.5,0.33333333333333326,0.5
Arunachal Pradesh Rural Bank is introducing the New Mobile Banking Application.,Mobile Application for Banking Transactions,0.37499999999999994,0.0,0.25000000000000006
Fill in the square to solve the math problems,"""Educational BODMAS Puzzle Game""",0.0,0.0,0.0
Nissan Insider brings the best of our internal news to your fingertips.,Nissan Insider: Internal News App for Nissan Employees,0.4,0.2222222222222222,0.4
Are you a cafe bazar fan and want to learn all about the app!,Guide for cafe bazaar: Your go-to Persian Android Market tips app.,0.23076923076923075,0.0,0.23076923076923075
GPS365 is to monitor the location management platform,GPS365: A location management platform for real-time vehicle tracking.,0.4444444444444445,0.25,0.4444444444444445
Become the Poppy Champion! Knock enemies out of the ring with a curved punch!,Poppy Punch: Become the Poppy Champion in this action-packed fighter game!,0.3846153846153846,0.24999999999999994,0.30769230769230765
You must run away from the capybar or she bite you!,"""Run from the Capybara: A Fun Escape Challenge""",0.3157894736842105,0.11764705882352941,0.3157894736842105
Command the Union and Confederate forces in this turn-based strategy game.,"""Turn-Based Strategy Game: Relive Iconic Battles of the American Civil War""",0.4166666666666667,0.2727272727272727,0.3333333333333333
"The Red Ribbon Relay, sports and solidarity challenge in the fight against AIDS",Move For Youth Challenge: A global sporting event supporting youth education and AIDS awareness.,0.29629629629629634,0.0,0.22222222222222224
"Shop the latest fashion trends from 2,000+ brands on Namshi.","Namshi: Your go-to app for bold, individual fashion with 200,000+ products from 2,000+ brands.",0.42857142857142855,0.23076923076923075,0.35714285714285715
SpySpotGPS tracking portal app allows you to access your GPS tracker on the go.,SpySpotGPS: Easy Access to Your GPS Tracker on the Go,0.75,0.4545454545454546,0.6666666666666666
Manage how you use your app,"""Open Source, privacy-friendly app usage manager for parents and kids.""",0.23529411764705885,0.0,0.11764705882352942
Best communication app available for android users.,Bumble: A social media app for finding new friends.,0.25,0.0,0.25
"Fixtures live scores, results, stats, lineups and more!","LiveFot: Your Ultimate Football Companion for Scores, Stats, and Tournaments!",0.33333333333333326,0.0,0.33333333333333326
Simple tool to calculate and practice craps payouts.,Craps Calculator: A must-have tool for learning and practicing craps.,0.5263157894736842,0.23529411764705882,0.4210526315789474
Get the most out of your shaving routine or discover your ideal beard style,GroomTribe: The Philips Shaving and Styling App for Personalized Male Grooming,0.23999999999999996,0.0,0.23999999999999996
Can you guess the famous idioms from the drawings ? Solve hundreds of dingbats,"""Guess the Meaning: A Fun Word Game with Dingbats""",0.27272727272727276,0.1,0.27272727272727276
The Official app for RYA (Chennai) members to connect with each other.,"Official RYA (Chennai) App: Connect, Celebrate, and Stay Informed",0.4761904761904762,0.10526315789473685,0.380952380952381
"Very easy to use flight board. Track flight status : time, terminal and gate.",Flight Status Tracker - Privacy-Friendly and Open Source,0.2857142857142857,0.10526315789473685,0.2857142857142857
V2S Infosystem is a global IT consulting and software services company.,"""V2S Infosystem: Open Source Mobile Recharge Solutions""",0.2222222222222222,0.125,0.2222222222222222
Put your matching skills to the test as you link wagons of the same color),Train Jam: Colorful Conductor - A vibrant puzzle game of strategic train matching.,0.22222222222222224,0.0,0.07407407407407407
You can use Epson Cloud Solution PORT by the smart devices.,"Epson Cloud Solution for mobile: Monitor your printers anytime, anywhere with real-time insights.",0.23999999999999996,0.17391304347826086,0.23999999999999996
"IPTV Chile Pro is media player allows to play LiveTV,Vod on Android Phones,TV","IPTV Chile Pro: A privacy-friendly, open-source media player for Live TV, VOD, and local content.",0.43749999999999994,0.19999999999999998,0.37500000000000006
"daily assignments, results, attendance and fees details on your finger tips.",Coaching Institute Activity Tracker,0.0,0.0,0.0
"Have fun by connect emoji, level up and more match puzzle games",Emoji Puzzle: A Fun and Imaginative Emoji Matching Game,0.5714285714285715,0.0,0.380952380952381
"Powered by JET 24 / FOX 66 to get your local news, weather, & sports.","YourErie 2Go: Your privacy-friendly source for local Erie news, weather, and sports.",0.38461538461538464,0.08333333333333333,0.38461538461538464
Ultra fast anonymous browsing through list of VPN servers distributed the globe.,Ultra fast anonymous browsing with global VPN access,0.5,0.33333333333333326,0.5
"Video Effects Made for Flow Arts, Dance and Movement!","Transform your flow arts, dance, and movement videos with endless possibilities.",0.6,0.4444444444444445,0.5
Harnois Ã‰nergies will guide you through our different refuelling points,Harnois Ã‰nergies: Optimize Your Fleet's Refueling Experience,0.33333333333333326,0.125,0.33333333333333326
"Better Life Kids is a safe, free streaming video app for Kids.","Better Life Kids: A safe, free streaming video app for Kids with curated Arabic Christian content.",0.7857142857142857,0.6923076923076923,0.7857142857142857
Voice Recorder is designed to provide you an easy and smart recording experience,"Voice Recorder: High-Quality, Feature-Rich Audio Recording App",0.27272727272727276,0.1,0.27272727272727276
All fun and Scary in poppy playtime horror game.,Poppy Playtime Horror Adventure Game,0.5714285714285714,0.3333333333333333,0.5714285714285714
"Calendar Bar is an application allow display day, date, month in your Status Bar","Calendar Bar: A privacy-friendly, customizable status bar calendar.",0.34782608695652173,0.1904761904761905,0.34782608695652173
"Use Da Fit Band to set, track, and follow your health data day and night.",Da Fit Band: Track Your Health Data and Sleep Quality,0.64,0.34782608695652173,0.64
2D indie horror quest game with pixel art and scary quest short story,"""New strange minimalistic indie horror quest adventure game""",0.380952380952381,0.2105263157894737,0.380952380952381
Show your skills and find all the words in this word search puzzle game!,Find the Words: An addictive word search puzzle game to train memory and expand vocabulary.,0.5517241379310344,0.29629629629629634,0.4827586206896552
Dynamic live wallpaper with a forest pond with live sky reflecting in the waves.,Calm Forest Pond with Relaxing Waves,0.4,0.2222222222222222,0.4
Currency Converter for over 170 currencies with real-time exchange rates.,Real-time Currency Converter with Open Source Features,0.5263157894736842,0.23529411764705882,0.3157894736842105
"From Talking Puppy and Friends - adopt Talking Dog, the cutest puppy dog!",Talking Dog: Your Interactive Virtual Puppy Companion,0.3157894736842105,0.11764705882352942,0.3157894736842105
Automate your home with Telldus TellStick,Introducing the new Telldus Flow app: Control your Smartline Flow devices locally and remotely with ease.,0.2727272727272727,0.0,0.18181818181818182
Tap tap your finger in bubble. Get fun and addictive in bubble shooter game!,"Bubble Shooter Panda: An addictive, offline bubble shooting game with 300+ puzzles and fun for all ages!",0.45161290322580644,0.06896551724137931,0.2580645161290323
Rhythm Stones is a 1 button 3D rhythm game that crosses moving stepping stones,Rhythm Stones: A 3D rhythm game with dynamic stepping stones and diverse music genres.,0.5714285714285714,0.3076923076923077,0.5714285714285714
This is simple text editor that can help you with editing text files.,Simple Open Source Text Editor,0.33333333333333337,0.125,0.33333333333333337
"Consume, Mutate, Devour... help your baby specimen escape the LAB!","""Rogue-like Mutation Runner: Consume, Evolve, and Devour!""",0.33333333333333326,0.0,0.22222222222222224
This is an idle RPG where you see how deep into the dungeon you can go.,"""Conquer the Impossible Dungeon: An Ad-Free Idle RPG Adventure""",0.38461538461538464,0.08333333333333334,0.23076923076923075
Ariana's best Offline MP3 music player collection,Offline Music App featuring the best music of Ariana Grande,0.4444444444444445,0.0,0.22222222222222224
The official Jerry Savelle Ministries International Android app.,"Jerry Savelle Mobile App: Access TV Broadcasts, Daily Devotionals, and More",0.3157894736842105,0.11764705882352941,0.3157894736842105
Quick and effective management of travel expenses,zExpense: Quick and effective management of travel expenses,0.9333333333333333,0.923076923076923,0.9333333333333333
A big & funny game of Yes or No questions. Find out which option is most popular,Yes or No: A Fun and Addicting Questions Game,0.4800000000000001,0.1739130434782609,0.32
"Atcovation is use to mark attendance, assign homework & apply leave",Attendance and Homework Tracker for Parents and Students,0.22222222222222224,0.0,0.22222222222222224
This App is designed to be a self- learning resource by using mobile phones.,Self-Learning English Resource by the Royal Thai Navy Language Center,0.32,0.17391304347826086,0.32
Explore the planet of nightmares with your small team of warriors.,"""Spacing Out: An Interactive Fantasy Novel""",0.0,0.0,0.0
Gang beasts? Gang Clash? Gun gang? Let's beat em up!ðŸ¤œPunch & Brawl Their Skull!,"Clash Gang: Epic Beat Em - A Fun, Free Fighting Game with Music Interaction",0.28571428571428575,0.07692307692307691,0.28571428571428575
"The App for your Candy simply-Fi, Smart Fi+, Smart Fi and Smart Touch appliances",Candy simply-Fi App: Enhance Your Smart Appliances with Intelligent Communication,0.5384615384615385,0.16666666666666666,0.3846153846153846
Audio burn-in tool + shopping,JLab Audio Burn-in Tool App: Tune Your Headphones for Optimal Sound,0.47058823529411764,0.39999999999999997,0.47058823529411764
"100% REAL claw machines, 100% REAL prizes and 100% delivery!","""Figure Out - the online 100% REAL claw machine game for anime figure prizes!""",0.4347826086956522,0.28571428571428575,0.4347826086956522
Gemgala provides a platform to chat and play games with people around the world!,Gemgala: An interactive social gaming app for making friends and playing together.,0.30769230769230765,0.08333333333333334,0.23076923076923075
Ball Cannot Stop is a game where you play as a ball that jumps over obstacles.,Ball Cannot Stop: A fast-paced obstacle-jumping game with unique levels and collectible balls.,0.5161290322580646,0.1379310344827586,0.38709677419354843
"Nfield CAPI, the face-2-face interview app for Nfield",Nfield CAPI for Android: Face-to-Face Interviewing App for Market Research,0.6363636363636365,0.39999999999999997,0.6363636363636365
Bridging the gap between the SDS BinderWorksÂ® website and your remote employees.,"SDS BinderWorksÂ® Mobile App: Open Source, Privacy-Friendly Access to Safety Data Sheets Anytime, Anywhere",0.14814814814814814,0.08,0.14814814814814814
Over 15 different truck sounds.,"Truck Sounds App: Listen, Save, and Enjoy!",0.3333333333333333,0.2,0.3333333333333333
Chinese vocabulary helps you learn vocabulary effectively step by step.,Chinese Vocabulary: A free offline app for improving your Chinese communication and vocabulary skills.,0.25,0.09090909090909093,0.25
"Spend, save and stay on top of your everyday banking from just about anywhere.","""FAB Mobile: Your Bank in Your Hand""",0.19047619047619047,0.0,0.19047619047619047
Reader's Digest is the world's most widely read magazine.,Readerâ€™s Digest: The Worldâ€™s Most Trusted Magazine for Inspiring and Entertaining Stories,0.64,0.4347826086956522,0.64
"Get The Privacy Browser. Fast & always private from Firefox, a browser you trust","Firefox Klar: Open Source, Privacy-Friendly Browsing",0.2,0.0,0.1
"Access workout tracking, classes, meal plans, and your membership management.","Snap Fitness Member App: Your all-in-one fitness companion for motivation, workouts, and wellness.",0.24,0.0,0.16
Enjoy match-3 puzzles enhanced by your favourite video themes for endless fun!,Hey Let's Go: The Ultimate Match-3 Puzzle Adventure!,0.2608695652173913,0.1904761904761905,0.2608695652173913
New Best Escape Game-Egg Door is another point and click room escape game,"""Fantasy Hut: Escape Room Adventure""",0.21052631578947364,0.0,0.21052631578947364
"Scheme, bluff, and deceive your way to victory with The Generals board game!",The Generals: A Face-to-Face Strategy Board Game,0.4545454545454546,0.2,0.3636363636363637
For gym members to reserve their place in a class and account management.,Gym Class Reservation and Account Management App,0.6,0.2222222222222222,0.5
"Halloween monster games: Scratch, color & memo game for kids and toddlers!","""Monster Reveal and Discover: An Educational Scratch Game for Toddlers""",0.5714285714285713,0.10526315789473685,0.47619047619047616
"Why ""Always gain Advisory service"" is that the Best Intraday Stock Tips Provider","Always Gain Advisory Service: Transparent, Privacy-Friendly Intraday Stock Tips Provider",0.6666666666666667,0.5454545454545454,0.6666666666666667
Do you like Demon Slayer(Kimetsu no Yaiba) and sticker? Check this app :D,"""Demon Slayer Sticker App for Fans""",0.4,0.1111111111111111,0.4
"Use this app to pay school fees, apply for leave, receive notifications and more",Oakridge International School App: Your all-in-one solution for student-related information and services.,0.2758620689655172,0.0,0.20689655172413796
The best places to stay the night with motorhome in Norway!,Campersite Norway: Your guide to over 1300 motorhome and caravan sites in Norway.,0.33333333333333337,0.0909090909090909,0.33333333333333337
The ambulance locator by ambulancias DOMINGO,myAMBULANCE: Real-time ambulance locator for DOMINGO clients.,0.42857142857142855,0.16666666666666666,0.42857142857142855
Concord Security is the app which is dedicated to Concord Security systems,Concord Security: Remote Control and Monitoring for Concord Security Devices,0.3636363636363636,0.19999999999999998,0.3636363636363636
Save the falling berries from all the pitfalls of the forest!,Fallen Berry: An easy arcade game to save falling berries and challenge friends.,0.24999999999999994,0.0909090909090909,0.24999999999999994
Fun & Easy Ways to Learn Colors and Shapes.,"""Quick, Fun & Easy Ways to Learn Colors and Shapes with Multiple Languages""",0.8,0.7777777777777778,0.8
Connect with Toppers Choice in an efficient and transparent manner,Toppers Choice: An online platform for managing coaching institutes with integrated attendance and fees management.,0.4,0.08695652173913043,0.32
Directory of libraries,Library Description App,0.3333333333333333,0.0,0.3333333333333333
"Powerful, easy-to-use mobile workforce management","eSchedule: A powerful mobile workforce management solution for public safety, government, and healthcare organizations.",0.38095238095238093,0.21052631578947367,0.38095238095238093
Manage your tenancy from the palm of your hand!,Arthur: Award-winning property management software for streamlined tenancy management.,0.2105263157894737,0.0,0.2105263157894737
Dhaka Stock Exchange DSE at Your Fingertips. Explore BD's Share Bazar Excellence,StockNow: Your go-to platform for Dhaka Stock Exchange Limited.,0.34782608695652173,0.1904761904761905,0.2608695652173913
With the Edinburgh Leisure app you always have your local centres in your pocket,Edinburgh Leisure: Your local fitness centre in your pocket.,0.6956521739130435,0.4761904761904762,0.6956521739130435
Plan your metro trip using metro map and check your card's balance in advance.,Podorozhnik Balance Checker and Metro Planner,0.28571428571428575,0.0,0.09523809523809522
500 challenging Suguru puzzles from small to large with easy number entry system,"500 Suguru Puzzles - Enjoyable, Innovative Number Entry Experience",0.4761904761904762,0.2105263157894737,0.4761904761904762
"A1 Pro - All in one status downloader , Whatsapp status , facebook , instagram","A1 Pro- All In One Status Saver: An Android Open Source, privacy-friendly app for downloading videos and images from multiple social media platforms.",0.4,0.30303030303030304,0.4
"Watch your favorite Telugu HD TV Channels of LIVE News, Music & Full Movies...",Telugu Live Channels: Free Open Source App for Live TV,0.34782608695652173,0.0,0.2608695652173913
Additional colors and tweaks for Outline and Ethereal,Extension for my Themes Outline and Ethereal: Customizable color options and tweaks for enhanced Android theming.,0.5833333333333334,0.36363636363636365,0.3333333333333333
Change tv channels in tv decoder with your phone!,"""Control TV Decoders with Your Phone!""",0.6666666666666667,0.6153846153846154,0.6666666666666667
"Super Audible Hearing Aid App to Care for Lover, Partner & Family as Ear Scout",Super Hearing App: Open Source Hearing Amplifier,0.2857142857142857,0.0,0.2857142857142857
Control your ball and crash others out of the platform.,"""Battle Balls: Simple One-Finger Multiplayer Action""",0.11764705882352941,0.0,0.11764705882352941
An app used for HOS compliance and part the Keep Trackin ELD ecosystem.,HOS Compliance Tracking App for Motor Carriers and Drivers,0.4545454545454546,0.1,0.27272727272727276
"A mobile training, communications and task management platform.","""Immediate access to information and skills for revenue growth and customer engagement""",0.1,0.0,0.1
Kids can learn to draw & color their favorite Chhota Bheem & friends,Chhota Bheem Drawing and Coloring App,0.4705882352941177,0.13333333333333333,0.23529411764705885
"The official app for Tree of Life Church in New Braunfels, TX.","Tree of Life Church app: Connect to the life, love, and power of Jesus!",0.4615384615384615,0.24999999999999994,0.30769230769230765
Monitor and manage your QNAP NAS with your Android mobile device.,Qmanager: Monitor and Manage Your QNAP Turbo NAS Remotely,0.6,0.4444444444444445,0.6
Read epub and ebooks fast on the go using this ebook reader,iReader: A simple and beautiful Open Source epub reader.,0.28571428571428575,0.0,0.1904761904761905
best otaku wallpapers hd and GIF for fans anime manga,Top Anime Wallpapers HD for Fans Otaku: Stunning HD wallpapers for anime and manga lovers.,0.64,0.17391304347826086,0.48
"KS BANK Business is application for legal entities and IE JSC-IB ""KS BANK"" PJSC",KS BANK Business: Mobile Banking for Legal Entities and Entrepreneurs,0.64,0.43478260869565216,0.56
"Easy way to install Mod,Maps and Addon to your MCPE","""Enhance Your MCPE Experience with Easy Mod and Map Installation""",0.6666666666666666,0.10526315789473685,0.28571428571428564
TruTac App is a mobile system for drivers to complete daily vehicle inspections.,"TruTac App: Open Source, privacy-friendly mobile system for vehicle inspections.",0.5833333333333334,0.3636363636363636,0.5833333333333334
Apps of disaster risk assessment results that can be utilized by the community.,Disaster Awareness and Preparedness App,0.2222222222222222,0.0,0.1111111111111111
Sing along to your favorite Twice íŠ¸ì™€ì´ìŠ¤ Songs with Lyrics,"""Twice Songs Karaoke App: Sing Along with Lyrics and Translations""",0.631578947368421,0.35294117647058826,0.4210526315789474
The most fun word game!,The most fun word game!,1.0,1.0,1.0
"Merge Soldiers, Recruit Heroes! Protect Dragon Eggs and Defend Your Kingdom!","""Merge & Defend: A Strategy Sandbox Game""",0.23529411764705885,0.0,0.23529411764705885
"Best Practices for Memory Training, Concentration and Attention Development","""Schulte Table: Speed Reading and Memory Training Game""",0.35294117647058826,0.13333333333333333,0.23529411764705882
Sublimation & Screen Print Transfers,Sublimation and Screen Print Transfers for Personal and Commercial Use,0.5714285714285715,0.3333333333333333,0.5714285714285715
VGoLocal merchant application is a stop solution for enabling digital presence,VGoLocal: A one-stop solution for digital presence and transformation for businesses.,0.6086956521739131,0.28571428571428564,0.6086956521739131
Purchase discounted ride tickets for Kiddie Rides and get cool rewards,Let's Ride: Pre-purchase Kiddie Ride tickets at a discount for savings and rewards.,0.6923076923076923,0.16666666666666666,0.4615384615384615
Allows owners to track solar array performance in real time through their mobile,Energy Monitoring and Analysis App for APsystems Microinverter Owners,0.09090909090909093,0.0,0.09090909090909093
"Smart trading around the world. Share trading anytime, anywhere!","POEMS Mobile: Smart trading anytime, anywhere!",0.5333333333333333,0.4615384615384615,0.5333333333333333
View video from your recorder on your mobile device with ease,"""Privacy-friendly Open Source Video Recorder Viewer""",0.2222222222222222,0.0,0.2222222222222222
"Mine for gold, build out your town & blaze a new trail in the Wild West!","""Tap Town: Build Your Empire in the Wild West!""",0.5833333333333334,0.2727272727272727,0.5
Build Criminal Empire with Auto Gangster in Grand City Games,Gangster Game,0.33333333333333337,0.0,0.33333333333333337
Popular Nickname for Gamer and Generate Fancy Text Nickname.,Free Gamer Name Generator,0.30769230769230765,0.0,0.30769230769230765
"What to expect? Mental health, zodiac love, astro future - personal assistant","Stellium: Your Open Source, Privacy-Friendly Personal Assistant for Astrology and Life Coaching.",0.16666666666666669,0.0909090909090909,0.16666666666666669
Manage all your XOX BLACK in style. Pay your bill in seconds and data on the go.,"BLACK App Super App: Your all-in-one solution for managing XOX accounts, shopping, and earning rewards!",0.4117647058823529,0.0,0.23529411764705882
background removerâœ…get transparent backgroundâœ…photo eraser: cut out photos,"""PicWish: Automatic Photo Background Remover""",0.4,0.15384615384615383,0.26666666666666666
Connect with Punit Commerce Academy in an efficient and transparent manner,Punit Commerce Academy: An efficient and user-friendly platform for managing tutoring class data.,0.4799999999999999,0.34782608695652173,0.4799999999999999
Provides secure access to mobile apps and services for Cisco employees.,Cisco eStore Mobile Setup: Secure Access to Corporate Apps for Employees,0.7272727272727273,0.20000000000000004,0.5454545454545454
Next-generation access control and attendance management system,Fingera: Next-Generation Access Control and Attendance Management System,0.9411764705882353,0.9333333333333333,0.9411764705882353
Drive through mud! Climb mountains! Drive up a hill! Live the offroad!,"""Offroad Driving Adventure: Conquer Challenging Terrain!""",0.2222222222222222,0.0,0.1111111111111111
"Explore Brisbane; find local businesses and events, create guides and more.",Brisbane: Your personalized guide to local gems and events.,0.5,0.11111111111111112,0.39999999999999997
Get Instagram Likes will help you gain more likes,Get Instagram Likes: Boost your social posts for free with special hashtags!,0.28571428571428575,0.2105263157894737,0.28571428571428575
"Match-3 RPG adventure: guns, magic, and otherworldly monsters","""Gunspell: A Free Story-Driven RPG Adventure with Match 3 Puzzle Elements""",0.380952380952381,0.2105263157894737,0.1904761904761905
Learn to read faster and smarter with our speed reading app,Unlock the power of speed reading with our Android app!,0.47619047619047616,0.2105263157894737,0.380952380952381
"Breaking news, weather & more from Upstate SC, Western NC & Northeast GA.","FOX Carolina News: Your go-to app for the latest news, geo-targeted weather, and traffic alerts.",0.14285714285714285,0.0,0.14285714285714285
"Upload long videos to Instagram, Snapchat, WhatsApp, Twitter & Facebook stories",Story Cutter for Instagram: Effortlessly create and share segmented videos for social media stories.,0.25,0.0,0.16666666666666666
Go X provides the most advanced electrical vehicles for anyone to rent,"Go X: Advanced, Safe, and Convenient Electric Scooter Rentals",0.380952380952381,0.10526315789473685,0.380952380952381
Zatâ„¢mobile is a powerful mobile app designed for parking enforcement operatives.,Zatâ„¢mobile: A powerful mobile app for parking enforcement operatives.,0.9090909090909091,0.7000000000000001,0.9090909090909091
DEPSTECH is the endoscopic image transmission software,DEPSTECH: WIFI Wireless Image Transmission Assistant for Endoscopy,0.39999999999999997,0.15384615384615383,0.39999999999999997
Welcom to Magical Panda Bubble Shooter 2! Pop your way through the Puzzles!,"Bubble Shooter 2 Panda: A Free, Fun, and Challenging Bubble Shooting Game with 500+ Levels",0.28571428571428575,0.15384615384615383,0.21428571428571427
Check your daily love compatibility of your sign with others,Zodiac Signs Compatibility: Free daily love compatibility insights and tips.,0.4000000000000001,0.2222222222222222,0.3
Simulates the path of the moon - App for the website www.mooncalc.org,Moon Path Tracker: Open Source and Privacy-Friendly,0.1904761904761905,0.0,0.09523809523809525
LanguageTalkie converts different languages.No need to type just voice input.,"LanguageTalkie: An Open Source, privacy-friendly language converter for voice-to-text translation and pronunciation assistance.",0.3703703703703703,0.0,0.2222222222222222
The official mobile app for Marco's Pizza is now here!,Marcoâ€™s App: Your easy access to authentic Italian pizza and special offers.,0.33333333333333337,0.0909090909090909,0.24999999999999994
An app for learning the basics of sign language,"Basics of Sign Language: A user-friendly pocket library for ISL, ASL, and BSL learning.",0.5,0.2727272727272727,0.33333333333333337
Smart monitoring system to manage emergency lighting with a mobile app.,NaveoÂ®Pro: Control Your Emergency Lighting System with a Mobile App,0.6363636363636364,0.4000000000000001,0.5454545454545454
The application that allows you to rent any type of vehicle with a driver,"Safe Rentals: Rent Any Vehicle, from Bicycles to Helicopters",0.34782608695652173,0.09523809523809525,0.2608695652173913
The Collections of Travis Scott Songs 2017-2021,Travis Scott: Fusion of Traditional Rap and Hip-Hop,0.35294117647058826,0.13333333333333333,0.23529411764705882
"Easy way to monitor daily activities of Smart School students fees, exam results",Smart School: User-friendly cloud-based campus management software,0.18181818181818185,0.1,0.18181818181818185
Remote view for 24 hours in Mobile APP.,QIAN DING -- Remote view for 24 hours in Mobile APP.,0.888888888888889,0.8750000000000001,0.888888888888889
Welcome to the next level experience on managing your WallBox charging station.,"myWallbox: Your Open Source, privacy-friendly hub for smart EV charging and energy management.",0.23076923076923075,0.0,0.15384615384615383
Fire Alarm Sound Effect,"Fire Alarm Sound and Ringtones - Free, Easy to Use, Offline Features",0.39999999999999997,0.30769230769230765,0.39999999999999997
Win levels and reach the boss for a fight!,Neon Adventure: Epic Boss Battles and Endless Mode Challenges,0.2222222222222222,0.0,0.1111111111111111
"Listen to Gospel Praise & Worship, For the lord delight in praise by his saint.",Gospel Praise and Worship: Over 100 Amazing Gospel Songs by Great Artists,0.30769230769230765,0.08333333333333334,0.30769230769230765
"One app for Strategy, OKRs, KPIs, 1:1s, Performance Reviews, and more!","Perdoo: The #1 software for Strategy, Goals, and Feedback.",0.380952380952381,0.10526315789473685,0.28571428571428575
AniPay - centralized mobile application for Instant Payments System,AniPay: Instant Payments System for Quick Transactions,0.6666666666666666,0.30769230769230765,0.5333333333333333
Roll your way through a vibrant world with incredible speed!,"""Rollo Rush"" - An adrenaline-pumping game of fast-paced navigation and quick reflexes.",0.0,0.0,0.0
Simple Lollipop Cross game with passing cool lollipops to collect score.,Lollipop Cross: A Fun and Free Obstacle Jumping Game,0.3,0.11111111111111112,0.3
ACE Hardware Philippines Official Mobile Application,ACE Hardware PH: Your online shopping platform for everyday essentials.,0.25,0.14285714285714285,0.25
"Full Episodes of Mahabharat, Ramayan, and Shree Krishna | All Trending Video","Mahabharat Ramayan Shree Krishna Video: Over 1000 episodes of Mahabharat, Ramayan, and Shree Krishna.",0.64,0.5217391304347826,0.56
Quick Screen Recorder provides to record videos of your mobile screen.,"Quick Screen Recorder: Easy, HD Quality Screen Recording for Free",0.47619047619047616,0.2105263157894737,0.380952380952381
An Application for GATE Civil Engineering Paper Solutions,GATE Civil Engineering Paper Solutions App,0.7142857142857143,0.6666666666666666,0.7142857142857143
The fastest way to check internet download speed and network info,"""Instant Internet Speed Test - Lightweight & Privacy-Friendly""",0.2222222222222222,0.0,0.2222222222222222
"MyJPS Mobile app to view account info, pay your bills, and track outages.","MyJPS Mobile: Access Your JPS Account Anytime, Anywhere!",0.380952380952381,0.10526315789473685,0.2857142857142857
Trip planner. 100% Free. Top Tours. Best rated activities.,"Buenos Aires Travel Guide: A 100% free, multilingual travel planner for exploring top attractions and activities.",0.39999999999999997,0.08695652173913045,0.32
Rotate the device like a throttle and simulate a real moto engine sound.,Motorcycle Engine Sound Simulator,0.3529411764705882,0.13333333333333333,0.23529411764705882
Mexico Flag Live Wallpaper and flag animation video recorder,"Mexico Flag Live Wallpaper: An interactive, customizable, and privacy-friendly experience of the Mexico flag.",0.5,0.2727272727272727,0.5
Create shortcuts to quickly access the apps you use most frequently,"""Create shortcuts for quick app access with a floating drawer and Material Design UI.""",0.32,0.08695652173913043,0.23999999999999996
The official app of the New York Red Bulls and Red Bull Arena!,New York Red Bulls Official App,0.631578947368421,0.47058823529411764,0.42105263157894735
The application helps you watch all game NFL Free,NFL Game Tracker: Live Scores and Alerts,0.25,0.0,0.125
Hurbad Institute of Technology provides expert-led IT video courses,Hurbad: The First Somali E-Learning Platform for In-Demand Tech Skills,0.0909090909090909,0.0,0.0909090909090909
The SWEAT! Gym App allows members to stay uptodate on all things SWEAT!,SWEAT! Gym App: Your privacy-friendly fitness companion for class bookings and motivation.,0.23076923076923078,0.16666666666666666,0.23076923076923078
An interactive guide to your smartphone that accompanies you along the way,Interactive Guide for Downloading Screenplays and Points of Interest,0.1904761904761905,0.10526315789473685,0.1904761904761905
For FishingBooker captains â€“ manage your business when youâ€™re out on the water.,FishingBooker: Manage Your Fishing Business Efficiently,0.42105263157894735,0.11764705882352941,0.42105263157894735
UC-One Connect for Mobile Users,UC-One Connect: Business Messaging and Calling App,0.42857142857142855,0.3333333333333333,0.42857142857142855
Mishary Rashid Alafasy Holy Quran page by page mp3 offline part 1 of 6,Quran mp3 OFFLINE - Part 1 by Sheikh Mishary Rashid Alafasy,0.75,0.4545454545454546,0.41666666666666663
Try to guess all characters,Naru Quiz: Guess all the Characters - an unofficial fan app to test your knowledge of Naruto & Boruto characters through shadow images.,0.3076923076923077,0.08333333333333334,0.23076923076923073
limber connects you with hospitality workers to cover your shifts,"""limber: Connect with top hospitality workers in your area.""",0.631578947368421,0.23529411764705882,0.631578947368421
Drag to throw ping pong balls into the cup. A newest pong trick shot game.,Pong Master: A Unique Physical Puzzle Game with Challenging Trick Shots,0.3846153846153846,0.08333333333333333,0.30769230769230765
Can you make the cutest bubble tea?,Bubble Tea Mixer: Create Custom Drinks and Delight Customers!,0.25,0.14285714285714288,0.25
"View the latest sport, movies,series and reality shows and access the DStv guide","DStv: Local and international content anytime, anywhere.",0.19047619047619047,0.0,0.09523809523809523
NCB Mortgage Expert provides tool & services to realize your home buying dream.,NCB Mortgage Expert: Your privacy-friendly home buying companion.,0.5714285714285715,0.3157894736842105,0.5714285714285715
Smart Cleaner refresh your phone junk and save your phone bettery,Smart Cleaner: Optimize Storage and Boost Performance,0.33333333333333326,0.125,0.33333333333333326
Whats Web Tools - Use two whatsweb account and direct chat and more tools.,"Whats Web Tools: Open Source, privacy-friendly app for using two WhatsApp accounts on different devices.",0.41379310344827586,0.22222222222222224,0.41379310344827586
Fun for kids of all ages from Raising Caneâ€™s!,Raising Caneâ€™s Arcade: Fun and Privacy-Friendly Gaming Experience,0.4000000000000001,0.2222222222222222,0.3
"Piercing Photo app lets you try piercing, without any pain on your whole body!","""Piercing Photo: Try Piercings Virtually and Pain-Free!""",0.45454545454545453,0.2,0.45454545454545453
Repair the spaceship to save your crew!,"""Power Up the Spaceship: Solve 450 Puzzles!""",0.2857142857142857,0.16666666666666666,0.2857142857142857
Access Backblaze Computer Backup and manage B2 cloud storage.,Backblaze on Android: Free Access to Your Backed-Up Files,0.2105263157894737,0.0,0.10526315789473685
Check how immortal you are!,Immortal: A challenging arcade game to dodge dangers and survive.,0.13333333333333333,0.0,0.13333333333333333
The WaterMe app allows you to control your irrigation system from any location,"WaterMe: Open Source, privacy-friendly irrigation management app.",0.2857142857142857,0.0,0.1904761904761905
"Earn money recording video. Record video, we sell it for you, you get paid!",SnapMediaApp - Earn money selling short video clips in an authentic stock video marketplace.,0.3703703703703704,0.08,0.29629629629629634
The best app to chat and flirt. Meet new people FAST and FREE!,"hi5: A privacy-friendly platform to date, chat, and meet new people!",0.48000000000000004,0.2608695652173913,0.48000000000000004
With Otaxi booking app a driver is at your fingertips. Taxi in Muscat & Oman,Oman Taxi: Otaxi - Affordable and reliable taxi service in Muscat.,0.41666666666666663,0.09090909090909093,0.3333333333333333
Leon App gives flight crew members an easy access to their schedule and roster.,LEON: Mobile Access for Crew Management and Operations,0.36363636363636365,0.0,0.2727272727272727
Access your local Gold Card discounts PLUS thousands more offers!,GoldDeals+: Free access to local and national discounts at your fingertips.,0.380952380952381,0.0,0.28571428571428564
Save your own food recipes with description and picture in different categories,Create your own cookbook with our food recipes app.,0.4761904761904762,0.2105263157894737,0.380952380952381
Receive SMS Online Verification to our temporary phone numbers,"""Free SMS Online with Disposable Numbers""",0.4,0.15384615384615385,0.4
Providence Friars Gameday: the official mobile app for Friar Athletics.,Official Providence Friars Gameday App: Your Home for Providence Athletics!,0.7,0.2222222222222222,0.6
Check Mobile is an personal health application that used with VIATOM devices.,Viatom Health Monitor Connection App,0.23529411764705882,0.0,0.11764705882352941
Feedreader/RSS-Reader/Aggregator. Use keywords to block or find certain news.,"News-Crawler: A privacy-friendly, Open Source RSS Reader for personalized news feeds.",0.24000000000000002,0.08695652173913043,0.24000000000000002
Download the new and easy WiFi Password security and WiFi managing tool,"""Privacy-friendly WiFi Password Manager""",0.35294117647058826,0.13333333333333333,0.35294117647058826
Your mobile portal to all things Insomniac!,Your portal to all things Insomniac!,0.923076923076923,0.7272727272727272,0.923076923076923
Adult color by number coloring book. Relax with Paint by Number Game Now,"Clown Paint by Number Game: A relaxing, open-source paint by numbers app for adults.",0.5714285714285715,0.30769230769230765,0.42857142857142855
DNA- A fully integrated and intuitive solution with all key business operations.,Dealer Network Automation System (DNA) - A powerful platform for J K White dealerships to enhance sales and finance visibility.,0.1935483870967742,0.06896551724137931,0.1935483870967742
Sync lets you store and share your files securely in the cloud.,"Sync: Privacy-friendly, Open Source encrypted cloud storage",0.2,0.0,0.2
Best learning game for kids to knowing daily uses objects. Download Now Have Fun,"""Educational Matching Game for Kids""",0.3157894736842105,0.23529411764705882,0.3157894736842105
It's time to become the king of the crowded forest!,Crowd Forest.io: An online multiplayer battle royale to build herds and survive!,0.24999999999999994,0.0909090909090909,0.16666666666666669
The best way to view Your channel.,"""Get More Views for Your Channel""",0.4615384615384615,0.1818181818181818,0.4615384615384615
IslahTube is a Collection of Lectures and Speeches of Renowned Islamic Scholars,IslahTube: A free collection of Islamic speeches and content.,0.6666666666666666,0.10526315789473685,0.4761904761904762
Empower encapsulates the complete working of an organisation including SOPs,Empower: A digital space for organizational processes and SOPs.,0.2105263157894737,0.0,0.2105263157894737
huqeats app allows customers to place orders from a range of local restaurants,"Huqeats: A customizable, privacy-friendly food delivery platform for Male and Hulhumale.",0.16,0.0,0.16
Get the rings off the hook! Unlock the rings and solve amazing puzzles!,Slide Hoops: A precision-based puzzle game to aim and spin colorful rings into the hole.,0.27586206896551724,0.0,0.13793103448275862
please rotate screen to horizontal before launch game.,Clash Of Orcs: Command Orc Hordes in Epic Battles!,0.0,0.0,0.0
"Link stones, enjoy fantastic puzzle 2248 connection game!",Mysterious Stones 2248: A Free Jewels Link Puzzle Game Set in Ancient Egypt,0.4761904761904762,0.0,0.2857142857142857
Install FXpesa Trader on your mobile and get full access to the global markets.,FXpesa Trader: Your gateway to global financial markets with a user-friendly trading platform.,0.42857142857142855,0.07692307692307693,0.42857142857142855
Use KashKick surveys rewards app on your Android devices to earn money,"KashKick: A free online rewards platform for earning money through surveys, videos, and tasks.",0.3846153846153846,0.08333333333333334,0.30769230769230765
"Simple Property Management App that helps to manage owners, tenants & vendors.",Property360Degree: Comprehensive Property Management Solution for Global Housing,0.2105263157894737,0.11764705882352941,0.2105263157894737
Sort same colored hoop in the same stack to finish the hoop stack sorting puzzle,"Hoop Sort Puzzle: A FREE, no-WIFI color sorting game to challenge your logical thinking.",0.4000000000000001,0.07142857142857142,0.20000000000000004
DEX Screener is the ultimate real-time crypto screening platform.,"DEX Screener: A powerful, privacy-friendly platform for tracking real-time data from decentralized exchanges.",0.4,0.17391304347826086,0.32
"Breaking news, weather alerts, sports and deals from around Michigan's UP",TV6 & FOX UP News: Stay updated with local news and weather on the go.,0.30769230769230765,0.0,0.15384615384615383
Allows members of group benefits plans to submit their claims.,"""Submit Claims Easily with The Benefits Trust App""",0.33333333333333326,0.0,0.22222222222222224
ArcGIS QuickCapture is Esriâ€™s mobile app for at-speed data capture,ArcGIS QuickCapture: Simplest way to capture field observations with real-time data integration.,0.32,0.08695652173913043,0.24000000000000002
This live wallpaper offers you the relaxing and beautiful scenery of beach!,"Beach Video Live Wallpaper: Relaxing, energy-saving HD/4K beach scenery for your device.",0.3846153846153846,0.08333333333333334,0.30769230769230765
Securely browse the web and access your organization's web content on the go.,SOTI Surf: Secure Mobile Browser for Organizations,0.19047619047619047,0.0,0.19047619047619047
Ujian Teori KPP Malaysia. Pass your Malaysia driving license theory test easily!,KPP Test Malaysia: Your Privacy-Friendly Guide to Passing the KPP Traffic Rules Test,0.3846153846153846,0.0,0.30769230769230765
Alrajhi bank business Application is 24 hours available | Bank on-the-go,"Alrajhi Bank Business Application: Your Easy, Fast, and Fully Developed Banking Solution",0.4166666666666667,0.2727272727272727,0.4166666666666667
All Facts around the world â€“ find every interesting fact,The Interesting Facts application: Discover engaging and unusual facts across various topics.,0.380952380952381,0.10526315789473685,0.28571428571428575
Make easily money online. Complete Task & Make Money/Rewards,"""Rich Rupees Pakistan Earn: Complete Tasks & Make Money""",0.47058823529411764,0.39999999999999997,0.47058823529411764
Old Age Pension App provides all important info about Vridhavastha pension.,Old Age Pension App: Your user-friendly guide to Vriddhavastha pension information and application status.,0.3846153846153846,0.25,0.3846153846153846
Quality chat app for your friends and family for free!,"Yippi: A fast, secure, and privacy-friendly social messaging app for sharing moments and connecting with friends.",0.29629629629629634,0.08,0.22222222222222224
"The Application ""Xiptv"" For Android TV, Android Phone, and Android Tab",The Official App for Xiptv: Watch global channels and access a vast library of films and series.,0.2857142857142857,0.0,0.21428571428571427
